date,M,S,R,Sent,Mac,regime,price,fwd3d,fwd7d,fwd14d,fwd30d,conflict_BULL_fear,conflict_BEAR_greed,clean_BULL,clean_BEAR
2025-10-01,-0.15890606024735188,1.0,1.0,0.2244987870314791,-0.973208742006028,BEAR,118393.270386324,3.3671457155621365,4.220748942952768,-6.360494879787404,-7.465821942225881,False,False,False,True
2025-10-02,-0.14597800859834242,1.0,1.0,0.004574741530142807,-0.977473862188738,BEAR,120558.594007013,2.459529601569921,0.8665817544423415,-10.30498447958369,-8.753667242545237,False,False,False,True
2025-10-03,-0.1332597545082704,1.0,0.7680183511994179,0.003965743499955496,-0.973208742006028,BEAR,122348.127640269,2.0239999371898465,-7.02362633400011,-12.850592233927415,-9.774533737297586,False,False,False,True
2025-10-04,-0.2653683416633631,1.0,0.6185220437586038,0.26923029870369564,-0.9631432274506115,BEAR,122379.744317651,-0.6472027584002449,-9.347650408387109,-12.449634102011697,-12.979224312263115,False,False,False,True
2025-10-05,-0.25939143873445847,1.0,-0.0990354453922766,0.003666060761744059,-0.9620654980495712,BEAR,123523.768313852,-0.10800773081259818,-6.776713002780276,-11.995346929769301,-17.951226216797167,False,False,False,True
2025-10-06,-0.31025090278345974,1.0,-0.875899638886616,0.1818474993421113,-0.9484205359051954,BEAR,124824.453666861,-2.580520712205725,-7.604440042350468,-11.363321636663159,-16.750378841082725,False,False,False,True
2025-10-07,-0.1722090484241237,1.0,1.0,0.26919454412367505,-0.8500964385335069,BEAR,121587.699236704,-6.442137615651566,-6.7939601442218445,-10.599194857472604,-16.73370389148384,False,False,False,True
2025-10-08,-0.3961701160943817,1.0,0.6264890172021372,-0.08304868429647803,-0.9212641732257087,BEAR,123390.353094682,-10.090123850257138,-10.152722879138043,-12.742262674401594,-16.177829827938417,False,False,False,True
2025-10-09,-0.3386960535760284,1.0,0.46388509428310787,-0.004181555464479507,-0.965578453235378,BEAR,121603.33278609,-5.3044728243047405,-11.075587216014704,-9.49184181423629,-15.845216496465198,False,False,False,True
2025-10-10,-0.3340153797739793,1.0,0.19514617166980375,0.009544845838477742,-0.973009084080057,BEAR,113754.852328171,1.386666651239965,-6.267146878474284,-2.399817788260572,-7.972676946594747,False,False,False,True
2025-10-11,-0.28242235264537485,1.0,0.2435993310654593,-0.13685496070650366,-0.964407178883811,BEAR,110940.113648159,2.1515804190512577,-3.4218458844133326,0.6079155567353167,-4.378610523727011,False,False,False,True
2025-10-12,-0.3560134080930307,1.0,0.1832128704021719,-0.13687798647816005,-1.0,BEAR,115152.917045003,-3.725519656560161,-5.597993908050746,-0.5174133662815938,-10.575946963299698,False,False,False,True
2025-10-13,-0.33998755606185405,1.0,0.6721387243844847,-0.16608322019352503,-0.776267919339917,BEAR,115332.252929573,-6.240408160744016,-4.068249162660642,-1.079038250685993,-11.835480474896631,False,False,False,True
2025-10-14,-0.289062887409353,1.0,-1.0,-0.0965794903327525,-0.7727205132024327,BEAR,113327.079410286,-5.9133358009266335,-4.08260528946276,-0.30565824673106645,-11.728678912590574,False,False,False,True
2025-10-15,-0.338872454345447,1.0,-0.1606541974420966,-0.043422143283406996,-0.7636575323497591,BEAR,110862.872485389,-3.3545572714193783,-2.8821572319661093,-0.5921951033918238,-14.757262297144235,False,False,False,True
2025-10-16,-0.367781982637851,1.0,-0.4511438310459051,0.04806142612155509,-0.7636575323497591,BEAR,108135.049605786,0.5286113616064902,1.7810018106339864,-0.10664975352712158,-11.646301372879797,False,False,False,True
2025-10-17,-0.43412765114918633,1.0,-0.2700057306796187,0.01596870641739461,-0.786926889965045,BEAR,106625.668651373,3.765116706785898,4.125905657859019,2.7465909601049,-11.670131319325105,False,False,False,True
2025-10-18,-0.47907455634184987,1.0,-0.80837017746326,0.03318133942135388,-0.7311607622671564,BEAR,107143.913935126,1.4526892658638824,4.172539305654732,2.6705967843908773,-14.216806189461783,False,False,False,True
2025-10-19,-0.4723221753472509,1.0,-0.7408639051129026,-0.00361236401045216,-0.7337421226351785,BEAR,108706.663763881,-0.9558140590643638,5.381856543197361,1.547747677081257,-14.599125116367484,False,False,False,True
2025-10-20,-0.4503488980248791,1.0,-0.7593820731811316,-0.027236236644803805,-0.741066253552056,BEAR,110640.249515488,-0.5236003360711061,3.115976604078785,-3.745876156053718,-17.46179032209081,False,False,False,True
2025-10-21,-0.5150349414473288,1.0,-0.7939860234210685,0.12785409300103723,-0.7596371582515553,BEAR,108700.382071888,2.1385031319988146,3.9377081228382904,-6.762298990546989,-20.045085028724362,False,False,False,True
2025-10-22,-0.48503523846725854,1.0,-0.4969369891222164,0.02891802286059253,-0.7501726873798378,BEAR,107667.630188486,3.665823852805561,2.3579211227373165,-3.484562064353125,-21.101591841614564,False,False,False,True
2025-10-23,-0.47155042124767194,0.9981367926924691,-0.562445849016566,0.03431899392702514,-0.7364129492433871,BEAR,110060.936797195,4.085158453302018,-1.8546207352852728,-8.013163776245246,-22.974486668683546,False,False,False,True
2025-10-24,-0.5412213407605195,0.7568176572948484,-0.6304773368884765,0.07758561731523715,-0.6682071278373505,BEAR,111024.94314699,2.7586869862567864,-1.3246604570108844,-6.842130412082947,-21.754110202021128,False,False,False,True
2025-10-25,-0.43716260173271493,0.6502337466753412,-0.32664954292192183,0.06826867240224195,-0.7158388046186136,BEAR,111614.535857686,1.2239893111636535,-1.4417835365008957,-8.31389419591444,-20.81891326876557,False,False,False,True
2025-10-26,-0.3225009582793241,0.7711758907042837,0.203062460338098,0.09859475103647933,-0.6157752504646171,BEAR,114557.100460549,-3.7978898383486115,-3.6383007396956213,-8.617148112070582,-23.67600937938843,False,False,False,True
2025-10-27,-0.3752745645082186,0.8086855662331671,-0.05017567323642104,-0.04907581878742298,-0.6020811780543263,BEAR,114087.773805085,-5.318755692040289,-6.654500094082493,-7.01678662065558,-20.719570510654496,False,False,False,True
2025-10-28,-0.29608173417108463,0.8026226951505666,0.4777274477768974,-0.06651906283092004,-0.5290289379534464,BEAR,112980.685846289,-3.0327716573146812,-10.29463445618748,-8.85662904212815,-19.15768667791702,False,False,False,True
2025-10-29,-0.3666121890070335,0.8446566730666989,-0.30772380885474027,-0.044473472902646055,-0.5745776169803105,BEAR,110206.347983051,-0.18243243822391175,-5.7078955131227405,-7.734782511373095,-17.436583031990715,False,False,False,True
2025-10-30,-0.3222872265481336,0.8939945700804073,-0.24496275883286875,-0.15339125693403266,-0.32860603284945483,BEAR,108019.723841905,2.1935297563636214,-6.274918989664647,-7.3916257260144285,-15.902327284852236,False,False,False,True
2025-10-31,-0.3094594376808671,0.9181836003473438,-0.046640438278781365,-0.17458641519014328,-0.3218501409983335,BEAR,109554.239627703,-2.791710159467542,-5.591538859279321,-13.739031986604445,-17.29420745442196,False,False,False,True
2025-11-01,-0.3126641276845249,0.9531771510761315,-0.22698339261000477,-0.19999999999999996,-0.31131947572428814,BEAR,110005.295855348,-7.868310844243053,-6.972641050133676,-13.148439721833382,-21.36320697745807,False,False,False,True
2025-11-02,-0.4077879728515943,1.0,-0.8368848108593623,-0.19999999999999996,-0.31131947572428814,BEAR,110389.168627119,-5.864057059470163,-5.166832269038213,-14.681563172392808,-17.086045923475346,False,False,False,True
2025-11-03,-0.390630189986376,1.0,-0.07452195315673261,0.2322719209678788,-0.35788782529024077,BEAR,106495.802789889,-4.933742902797156,-0.3881135426327287,-13.694747643245408,-12.100673065440848,False,False,False,True
2025-11-04,-0.395374984393629,1.0,-0.7317556782066744,0.11937347187424657,-0.31553547570776713,BEAR,101349.73723232,2.051050719398506,1.6030316640948339,-8.39991849376206,-9.022366044173003,False,False,False,True
2025-11-05,-0.3678400769543267,1.0,0.3641485441749483,0.047910882027246374,-0.3201695894147613,BEAR,103915.88479135,-1.5212913360716507,-2.1495829468229144,-12.120768334297106,-14.084516873686482,False,False,False,True
2025-11-06,-0.3727642229139005,1.0,0.6076598224355396,0.1757103014946552,-0.32945318437284526,BEAR,101241.573677966,3.401736695597757,-1.1914705480240095,-14.154536618048452,-11.923971722614512,False,False,False,True
2025-11-07,-0.4380785047926916,1.0,-0.5609039730631754,-0.1431763185291272,-0.3299213839164123,BEAR,103428.471746932,2.566030770026062,-8.630045473552272,-17.86783185927475,-12.917743172449336,False,False,False,True
2025-11-08,-0.4420528253586703,1.0,-0.5606016841411086,-0.011408575959517421,-0.330850872636622,BEAR,102335.021439217,0.6247950734966645,-6.638690747985143,-17.1593454977207,-11.395783018957406,False,False,False,True
2025-11-09,-0.4046578061877162,1.0,0.1543328580293721,-0.06443260938013579,-0.251847799370543,BEAR,104685.54544097,-2.8689909151102144,-10.033125678504739,-17.0158073904787,-11.34511316074407,False,False,False,True
2025-11-10,-0.3581178091872698,1.0,-0.7770318337847003,0.10177520301428714,-0.23964385375833602,BEAR,106082.478156926,-5.700439994193496,-13.3584801712472,-16.68972673187025,-13.177999145614871,False,False,False,True
2025-11-11,-0.3651322378358066,1.0,-0.7644781397173483,0.19592918524415637,-0.20783820472617348,BEAR,102974.405611631,-8.227149220954077,-9.845129612792647,-15.090987812530543,-10.051707197837978,False,False,False,True
2025-11-12,-0.271109340289207,1.0,0.2986728504824221,0.30000000000000004,-0.1773473485693718,BEAR,101682.126652835,-6.039223426962703,-10.190232896049201,-11.047024639523917,-11.162746804472567,False,True,False,False
2025-11-13,-0.30845441395281176,1.0,-0.1830448659756588,0.09520098921976314,-0.2207779137331884,BEAR,100035.310145237,-5.850931073327992,-13.119379614211235,-8.696039515758914,-9.786587222901844,False,False,False,True
2025-11-14,-0.32791919689920207,1.0,0.759553807847617,-0.08055526232758214,-0.2180962482210353,BEAR,94502.5476025716,-2.7418057196753276,-10.110310805778644,-3.7167474118066313,-6.778827820866685,False,False,False,True
2025-11-15,-0.29818043020210155,1.0,0.8664090810709026,0.02680677792830156,-0.22346603328347658,BEAR,95541.3158389831,-2.831103909410826,-11.268752370788448,-4.918544373547329,-9.617551843114535,False,False,False,True
2025-11-16,-0.2506324790277743,1.0,1.0,-0.19999999999999996,-0.25592969839866725,BEAR,94182.3130996493,-3.038608707099766,-7.7613919174533645,-3.7954163904359572,-6.827061105666498,False,False,False,True
2025-11-17,-0.22809600347410836,0.9683701247150576,0.8461639825011203,0.30000000000000004,-0.22301837224440968,BEAR,91911.4713471654,-5.440205901229767,-3.8448616404782143,-5.882654746258986,-6.366908327387987,False,True,False,False
2025-11-18,-0.24831357965198259,0.9871949423025861,0.6136034353006141,0.17084736635207903,-0.20606004260141486,BEAR,92836.4419111631,-8.49708953531303,-5.818718586369642,-1.4093790146205154,-7.9734303592950635,False,False,False,True
2025-11-19,-0.24564767048876285,0.9835935885057976,-0.831634127357145,-0.06935469892551377,-0.21496809578789938,BEAR,91320.4811332554,-7.1675920962450785,-0.954007310232774,2.5061330209955157,-3.4520266008030376,False,False,False,True
2025-11-20,-0.22982826087386893,0.9949536358995851,0.31700494347266,0.05019420113466167,-0.2158638599400423,BEAR,86911.2980590298,-0.04469314903214894,5.091285120675604,6.091607205989424,1.5891553907970923,False,False,False,True
2025-11-21,-0.2280064068834531,0.9795907540150002,0.322351679941578,-0.11531136983526291,-0.22660200274135117,BEAR,84948.0463205727,4.03723954830475,7.112677161623826,5.09933816082353,4.220679365535673,False,False,False,True
2025-11-22,-0.25436936639113955,0.9346454027065103,0.42870380633620025,0.20922372459923852,-0.20048859754600096,BEAR,84775.0015452952,3.137185511035101,7.1566761055555705,5.183787007579332,4.363858001140919,False,False,False,True
2025-11-23,-0.25147624019702675,0.9119458732566017,-0.379936136690391,0.14453882091281425,-0.14613106668362874,BEAR,86872.4546630625,4.117326278294686,4.299691430152719,3.67825768110841,0.5681192342390062,False,False,False,True
2025-11-24,-0.23287660848763542,0.8235993815117894,-0.43695145513135725,0.033622263134788846,-0.14613106668362874,BEAR,88377.6024421391,3.3476780557529784,-2.119276349186361,2.5974250692805123,-0.8508169850327207,False,False,False,True
2025-11-25,-0.2632881691638555,0.8387098376635982,0.2214764042705969,0.10160667413855169,-0.12470054807519709,BEAR,87434.550610754,4.066557184626718,4.681757888156102,6.146656212509649,-0.23245483710715442,False,False,False,True
2025-11-26,-0.2590335395217177,0.8336574589240484,0.4123641378161409,0.06346303193139334,-0.12470054807519709,BEAR,90449.2770675044,0.4342729644750465,3.4934682739423684,1.828265606833579,-3.443332426361023,False,False,False,True
2025-11-27,-0.2629499997957699,0.8276636939561861,-0.21551173085717246,0.027196027197953464,-0.12470054807519709,BEAR,91336.2000452952,-0.7976003967325562,0.9518601701036911,1.4096489944864121,-3.98613489047418,False,False,False,True
2025-11-28,-0.2780148586160091,0.8191041235789267,-0.5656669350509997,0.015866037543065897,-0.12470054807519709,BEAR,90990.1266104617,-4.929644525124854,-1.8796458590632947,-0.7237250082143265,-3.5635486798066385,False,False,False,True
2025-11-29,-0.27401326054262287,0.7168775854869959,0.3338529644981735,0.20639259965649034,-0.12470054807519709,BEAR,90842.0738243717,0.7551024846716548,-1.8411256952696298,-0.6569715277004007,-4.082429285310907,False,False,False,True
2025-11-30,-0.26902274961775763,0.6641425736671848,0.3773209900309935,0.016223948922595918,-0.12470054807519709,BEAR,90607.7021513735,3.312512781176302,-0.5958155201834625,-2.771640244134288,-2.4051044515051245,False,False,False,True
2025-12-01,-0.2562710146476866,0.6645042887097888,-0.4150891025518224,-0.06768409753554684,-0.12470054807519709,BEAR,86504.6368156049,6.590347464217405,4.8188256507926575,-0.17577850694169284,1.1702739406330709,False,False,False,True
2025-12-02,-0.25399361669929055,0.6505480968850678,0.20591451551339263,-0.11768137195218747,-0.12470054807519709,BEAR,91528.0245809468,-2.456286069505209,1.399382618238687,-4.125070506685735,-3.10703388007042,False,False,False,True
2025-12-03,-0.25521404498542527,0.6179371965741446,0.8128936160316363,-0.010241162117923586,-0.12470054807519709,BEAR,93609.0938658679,-4.742634098300213,-1.6089930068833525,-8.064966051853585,-3.9193987968427213,False,False,False,True
2025-12-04,-0.2592081680023972,0.5365816184235659,0.6348352180100217,0.19272433013215912,-0.12470054807519709,BEAR,92205.5929544126,-2.318455406490927,0.4534724012131619,-7.34380623790506,-1.74334627616477,False,False,False,True
2025-12-05,-0.2756791244359658,0.3783206695684138,-0.027186047743303465,-0.0370305274200422,-0.12470054807519709,BEAR,89279.8344634717,1.560609950165892,1.1780642874450242,-1.2452539115901606,2.3296741435254065,False,False,False,True
2025-12-06,-0.26434542872987404,0.24606185250586968,-0.1911172998570867,-0.0965934520898798,-0.12470054807519709,BEAR,89169.5570610754,4.081319798618854,1.2063648610038724,-0.9836355059250068,5.359480607354028,False,False,False,True
2025-12-07,-0.2643311844858137,0.24132759537587156,-0.23206952643998668,-0.007950207811633976,-0.12470054807519709,BEAR,90067.847399474,2.2594996450387983,-2.1888663292566,-1.7036228362577344,3.8931092659394206,False,False,False,True
2025-12-08,-0.26071971226332846,0.2179114366288521,-0.22549882620199915,0.014324375488180247,-0.12470054807519709,BEAR,90673.1444436003,2.151216260564115,-4.764987707813129,-2.4248438982625076,0.5909266964920112,False,False,False,True
2025-12-09,-0.24344912392872017,0.1668544688678809,-0.39304524721181777,-0.15479230243041758,-0.12470054807519709,BEAR,92808.8518477498,-2.6691888642666695,-5.448211796045721,-5.864589370655871,-1.8445823412334472,False,False,False,True
2025-12-10,-0.2155055243826608,0.1358744114922293,-0.07707727514122015,0.30000000000000004,-0.12470054807519709,BEAR,92102.9300917592,-2.0169421599676274,-6.561547891690833,-4.861147520173303,-1.6973693034392112,False,True,False,False
2025-12-11,-0.1591262191858923,0.13842710159784608,-0.39243902807283937,-0.16674790788847135,-0.12470054807519709,BEAR,92623.7198708358,-4.887881055617827,-7.762079749693207,-5.821851151950231,-2.3941787940205073,False,False,False,True
2025-12-12,-0.12636046586137784,0.13476284619472745,-0.061439700250399465,0.2465283811773098,-0.12470054807519709,BEAR,90331.6083091759,-4.404912219631784,-2.3951023535601412,-3.3175547125087412,0.4268694129933026,False,False,False,True
2025-12-13,-0.18788035307692066,0.11862253489352476,-0.10166159847568512,0.021077131650109573,-0.12470054807519709,BEAR,90245.267264173,-2.762292479304951,-2.1638958873155922,-2.8254682309848844,0.9927197424362433,False,False,False,True
2025-12-14,-0.16885055428706996,0.10041383488287106,0.0064962290426492375,0.26851751000026847,-0.12470054807519709,BEAR,88096.3826142607,-2.31204770239124,0.49610251388387816,-0.3958544596631919,8.182079066257696,False,False,False,True
2025-12-15,-0.17986714077554147,0.0697428443940677,-0.25669406050184174,-0.0076760827669427115,-0.12470054807519709,BEAR,86352.5802565751,-1.0635320757263256,2.4572305428710584,0.9043506752043351,12.381115234251649,False,False,False,True
2025-12-16,-0.2106192162378701,0.054411951456043745,-0.1712586858283286,-0.15828754897196584,-0.12470054807519709,BEAR,87752.4290336061,0.47365617513428493,-0.4403698571115333,0.7704211123993998,8.88147574988949,False,False,False,True
2025-12-17,-0.4366924668920207,0.13136486569430883,-0.8253230132431917,-0.19999999999999996,-0.12470054807519709,BEAR,86059.5522241379,2.594600315132034,1.819807941110274,1.6935084785980825,10.957037879491205,False,False,False,True
2025-12-18,-0.4825829448273743,0.13988635106048855,-0.8069668220690502,-0.19055142453647714,-0.12470054807519709,BEAR,85434.1928673291,3.627631995698155,2.103504277283963,3.8041267448683858,11.321916050973634,False,False,False,True
2025-12-19,-0.46752100754689957,0.14042728846094954,0.21097142704561656,-0.02832748578396141,-0.12470054807519709,BEAR,88168.0738325541,0.34750492703818914,-0.9450881883919959,2.009918395138266,6.9109546504834585,False,False,False,True
2025-12-20,-0.4564956553011983,0.1485348307551468,0.41425869837522733,0.045848106767955164,-0.12470054807519709,BEAR,88292.4536373466,-1.049308080046163,-0.6762047095694945,2.6114083943685085,4.795187077246288,False,False,False,True
2025-12-21,-0.494499263520089,0.15373453494734038,0.14887417272596182,0.05791967231391068,-0.12470054807519709,BEAR,88533.4309830508,-1.025330412901182,-0.8875537968488167,3.1923903410450594,-0.33531716490511343,False,False,False,True
2025-12-22,-0.4948220270762037,0.1886060528945781,0.4196751368595,0.08341177524947357,-0.12470054807519709,BEAR,88474.4622331969,-1.4051031600100017,-1.515637168249384,6.187231668955362,1.2714399311805291,False,False,False,True
2025-12-23,-0.506427661992642,0.18500353703003047,-0.2914119564546593,0.1604363017154984,-0.12470054807519709,BEAR,87365.9937872589,-0.03569581833515745,1.2161465121688364,7.106075322709349,2.3232230992650926,False,False,False,True
2025-12-24,-0.5045131466024838,0.19218659924325754,0.8625728476019194,0.10146549626398908,-0.12470054807519709,BEAR,87625.6707895967,0.07959438989879608,-0.12404213390899699,4.0893101744962745,2.070284980480941,False,False,False,True
2025-12-25,-0.5221689776840646,0.20243712456691096,1.0,0.045738756421659664,-0.12470054807519709,BEAR,87231.3047685564,0.5919255566493975,1.665586778457695,4.43144969247522,2.239716505024991,False,False,False,True
2025-12-26,-0.5941232728835076,0.20018583756620478,-0.3636310080492521,0.30000000000000004,-0.12470054807519709,BEAR,87334.8077808299,-0.2304892937455838,2.983200458701507,3.6695511553952898,-1.0180788288048026,False,True,False,False
2025-12-27,-0.6021055932171528,0.24127711573921168,-0.055964926645206414,0.16199739750935133,-0.12470054807519709,BEAR,87695.4159076564,0.835934647530312,3.3099954490510397,3.091069784825806,0.7321233804961746,False,False,False,True
2025-12-28,-0.629470223970116,0.2578758911565876,-0.2936089257799287,0.06456454268382915,-0.12470054807519709,BEAR,87747.6491548802,-0.2628801106407397,4.116480113437215,3.3842013877671384,1.7239565953415248,False,False,False,True
2025-12-29,-0.6265195348490374,0.2675380913406885,-0.39536769410276196,0.16426190639316607,-0.12470054807519709,BEAR,87133.5103991818,1.7796912360945827,7.821413080941819,4.599423839779804,2.346145406266098,False,False,False,True
2025-12-30,-0.6166235592726422,0.2817059797492256,0.12672750796629928,0.30000000000000004,-0.12470054807519709,BEAR,88428.4922735243,1.709503186997119,5.819159307583788,7.775781135654158,-4.419497452018972,False,True,False,False
2025-12-31,-0.6165807388977739,0.2865436787875484,0.20313987855891702,0.30000000000000004,-0.12470054807519709,BEAR,87516.9780376972,3.520633612602353,4.2185851314230804,10.88590454310523,-3.9991600338015854,False,True,False,False
2026-01-01,-0.6032713511024301,0.269310111762406,0.28084843474565124,0.07003473372895025,-0.12470054807519709,BEAR,88684.2178474576,3.0169357072010294,2.7205497963088465,7.737478051066682,-11.255477679238235,False,False,False,True
2026-01-02,-0.5810725940412087,0.25613999794786374,1.0,0.11334127879166246,-0.12470054807519709,BEAR,89940.1801671537,4.4567422533776435,0.666468602293091,6.169600486446414,-14.486437280506081,False,False,False,True
2026-01-03,-0.5884829440991992,0.19541358694509298,1.0,0.009824330691445178,-0.12470054807519709,BEAR,90598.1301832262,3.2850092192519886,-0.21191140632000893,4.976758648605761,-13.11454038876213,False,False,False,True
2026-01-04,-0.579666215932651,0.1914784069625548,1.0,0.01073888640042818,-0.12470054807519709,BEAR,91359.7636823495,-0.1650698465109346,-0.7033264329261213,3.1759777302683423,-17.157441112795123,False,False,False,True
2026-01-05,-0.56606514261197,0.21775177304139878,1.0,-0.02325389523831882,-0.12470054807519709,BEAR,93948.5821794272,-3.0353475888718173,-2.988264713933253,-1.5139560194346036,-22.196599704889508,False,False,False,True
2026-01-06,-0.6339404567329777,0.2353289666069023,0.2988628484720328,-0.1868760460866466,-0.31828075233187153,BEAR,93574.2871122151,-3.2430745422214913,1.8490241662032947,-5.704263515819097,-32.14515396788178,False,False,False,True
2026-01-07,-0.6624987142240047,0.2112854124636318,0.20763263650554137,0.2882707217671244,-0.31773479257292375,BEAR,91208.9562606663,-0.8801919045281492,6.397438041664505,-1.7647328198112877,-22.54302525184744,False,False,False,True
2026-01-08,-0.587232818559337,0.13036468193385048,1.0,0.30000000000000004,-0.2489067474836601,BEAR,91096.9161554647,-0.41681964239491665,4.884055103585627,-1.8674786056801618,-24.073983663296406,False,True,False,False
2026-01-09,-0.6226386091407925,0.18363546543017448,1.0,0.006292951646295779,-0.24998075828032745,BEAR,90539.6032288136,0.6644016525950036,5.466698058014496,-1.2147516651190626,-22.10857268602391,False,False,False,True
2026-01-10,-0.6300572862991205,0.17021134242038646,0.5690375493953767,0.09148420598472551,-0.2408580883786191,BEAR,90406.1424114553,5.418167120242523,5.1996887885618515,-1.3506866678277496,-22.301626965091447,False,False,False,True
2026-01-11,-0.6138923162065031,0.18263494966048266,0.4034854089950297,0.09841495207478812,-0.24246550271599465,BEAR,90717.2063153127,6.974185678280387,3.9067815907992465,-4.708627939698551,-24.28250835388698,False,False,False,True
2026-01-12,-0.7514488368456518,0.3931031652861113,0.12353541621086456,0.11010731461744885,-0.1861267247524857,BEAR,91141.1498489188,4.8331515419193005,1.519722011106417,-3.0762123392415797,-26.498934122404982,False,False,False,True
2026-01-13,-0.7572695624808644,0.1096853712184684,1.0,0.1385640445284485,-0.21682806943313793,BEAR,95304.4982942724,0.19372817578315882,-7.416161071603867,-6.34190186476512,-30.515825069409686,False,False,False,True
2026-01-14,-0.7436228107453722,0.11504580854327029,1.0,0.22693940955654054,-0.23603632601035873,BEAR,97043.9927258913,-1.9960146000665313,-7.6713979318557834,-8.105811863470446,-29.041624082947738,False,False,False,True
2026-01-15,-0.5754074490260008,0.3043983277496213,1.0,-0.19999999999999996,-0.08152311856444683,BEAR,95546.1397381648,-1.3447014294444615,-6.437140233182093,-11.539704751801283,-26.94830024882181,False,False,False,True
2026-01-16,-0.5883438154012814,0.4833571137367284,1.0,-0.19999999999999996,0.0,BEAR,95489.1299602572,-3.102853693548213,-6.335127434688692,-12.014033362550492,,False,False,False,True
2026-01-17,-0.5792899205100884,0.4577006078285287,1.0,-0.03439818654571543,-0.11092075861398332,BEAR,95106.980462595,-7.223883291102795,-6.22661105923521,-17.248570904232242,,False,False,False,True
2026-01-18,-0.5452184428019016,0.5232429339519408,1.0,0.03369066285172546,-0.08102020987592262,BEAR,94261.3294313267,-4.945790160742581,-8.291479534441349,-18.40656943704819,,False,False,False,True
2026-01-19,-0.5621849982550982,0.7223551706163128,1.0,0.30000000000000004,-0.00945664111163097,BEAR,92526.2419643483,-3.3834090330044253,-4.527134491015639,-14.925106501986384,,False,True,False,False
2026-01-20,-0.39402137900730017,0.9459451003649708,1.0,-0.19999999999999996,0.06834578305742128,BEAR,88236.5631922852,1.3636169125174957,1.1603096385639944,-14.225165521429838,,False,False,False,True
2026-01-21,-0.39319197095012814,1.0,1.0,0.17805346606029576,-0.01694992813519941,BEAR,89599.361874927,-0.46241755214613267,-0.47050851186293263,-18.41996423292033,,False,False,False,True
2026-01-22,-0.236780199031022,0.9979294048799462,-0.34416370582549416,-0.12337493184304571,0.0032584394271502615,BEAR,89395.700735827,-3.2999686997350453,-5.453621801787656,-28.973442880347477,,False,False,False,True
2026-01-23,-0.1722841192491693,1.0,-0.6050721134433455,0.30000000000000004,0.003714017847346651,BEAR,89439.7718909994,-1.2324688631843772,-6.063005022402567,-21.010869409443,,False,True,False,False
2026-01-24,-0.30494410560569035,1.0,-0.6567414642646291,0.30000000000000004,-0.003597262398628065,BEAR,89185.0386990064,0.0844781163248376,-11.753824799868795,-22.446342512825666,,False,True,False,False
2026-01-25,-0.3131932050352657,1.0,-0.8381517594431942,0.30000000000000004,0.03483620474017651,BEAR,86445.6705926359,3.160503746878729,-11.02960755582747,-18.419755719563646,,False,True,False,False
2026-01-26,-0.31355506227455393,1.0,-0.5114860290868439,-0.006084978103396373,0.02008876168173518,BEAR,88337.4545511397,-4.320995278727279,-10.891023282413425,-20.482085278268936,,False,False,False,True
2026-01-27,-0.3190677483109363,1.0,-0.8723729006756255,-0.01790343859670314,0.006987498848882667,BEAR,89260.3805397429,-5.874214829484858,-15.209003625003369,-23.046717145911632,,False,False,False,True
2026-01-28,-0.40185092051926585,1.0,-0.8392596317922937,0.2108225303576413,0.0937917622929601,BEAR,89177.7892507306,-11.74665108444003,-18.03430867844511,-24.88071620198571,,False,False,False,True
2026-01-29,-0.35941985848189784,1.0,-0.8562320566072409,0.1773763300844617,0.10095097396220759,BEAR,84520.3973106371,-9.00296872174623,-24.87649080459914,-21.650221226326916,,False,False,False,True
2026-01-30,-0.41525176294758087,1.0,-0.8338992948209676,0.18880041764687422,0.1307535085744888,BEAR,84017.0340292227,-6.308759029145705,-15.91264910124629,-18.039428600391084,,False,False,False,True
2026-01-31,-0.2768589118794891,1.0,-0.5767108608112237,0.30000000000000004,0.1485524101657491,BEAR,78702.38550263,-3.8342160222927024,-12.116692523735551,-11.313896421814484,,False,True,False,False
2026-02-01,-0.3459340394905749,1.0,-0.27814510701535283,0.30000000000000004,0.40067433303964645,BEAR,76911.0523772648,-4.961394747151049,-8.306300512694008,,,False,True,False,False
2026-02-02,-0.23610187389119391,1.0,0.1325987206660827,-0.18247182012859472,0.10806325751743756,BEAR,78716.6018088837,-19.337614954714677,-10.763294955403325,,,False,False,False,True
2026-02-03,-0.2855122961905793,1.0,0.12287459280738267,0.009104989802999827,0.12297204750674856,BEAR,75684.7660277616,-6.655325864436401,-9.24356813339613,,,False,False,False,True
2026-02-04,-0.34429844283906885,1.0,-0.184330634865256,-0.19999999999999996,0.11802592767835446,BEAR,73095.1914646406,-5.375089583163472,-8.352772255262087,,,False,False,False,True
2026-02-05,-0.40434572365512006,1.0,-0.23779362279097244,-0.19999999999999996,0.11513168794580125,BEAR,63494.6884456458,11.068486145426304,4.294620436167995,,,False,False,False,True
2026-02-06,-0.4317575553943459,1.0,0.1672457111776161,0.11398240864123653,0.28807941599878933,BEAR,70647.6982188778,-0.571280383833872,-2.5292502099460434,,,False,False,False,True
2026-02-07,-0.41555817362171127,1.0,-0.8337767305513155,-0.04135858842727355,0.2835156189741848,BEAR,69166.2594424313,-0.6903168291827355,0.913479618570201,,,False,False,False,True
2026-02-08,-0.4416786502549834,1.0,-0.8233285398980066,-0.04127427327392559,0.2909713758330295,BEAR,70522.5892393337,-5.009561738144264,,,,False,False,False,True
2026-02-09,-0.4235806070559311,1.0,-0.8305677571776275,-0.11336697414147034,0.2909713758330295,BEAR,70244.1017773232,-5.726541252618156,,,,False,False,False,True
2026-02-10,-0.5291527565525282,1.0,-0.7883388973789887,-0.1289239456799104,0.24285792472756967,BEAR,68688.793113384,0.25047470216399415,,,,False,False,False,True
2026-02-11,-0.5312729711694032,1.0,-0.7874908115322388,0.0025284747764840257,0.21500053060354546,BEAR,66989.7165920514,4.192229309486484,,,,False,False,False,True
2026-02-12,-0.5554808706196054,1.0,-0.7778076517521578,0.014174750739709356,0.22585021280865675,BEAR,66221.5443115137,,,,,False,False,False,True
2026-02-13,-0.5653220719470964,1.0,-0.7738711712211614,0.000653287619528091,0.22744841851601078,BEAR,68860.8411633548,,,,,False,False,False,True
2026-02-14,-0.6250339030062584,1.0,-0.6282862145193997,-0.19999999999999996,0.2109567798319018,BEAR,69798.0791253653,,,,,False,False,False,True
2026-02-15,-0.42725528024722415,1.0,-0.4439584739757304,-0.17153240211632872,0.19301195418481604,BEAR,,,,,,False,False,False,True
2026-02-16,-0.5935480312524484,1.0,-0.3378397009894415,-0.08705689465211067,0.17813972340291712,BEAR,,,,,,False,False,False,True
2026-02-17,-0.5989934020566536,1.0,-0.30519975476729777,0.13381500593378423,-0.392617384044803,BEAR,,,,,,False,False,False,True
2026-02-18,-0.5836238602304843,0.6876295663757761,-0.3561616693972796,0.15120515118916128,0.23739487758044547,BEAR,,,,,,False,False,False,True
2026-02-19,-0.5939613095645906,0.6060670524950265,-0.2167878836015296,0.02938718980515797,0.0,BEAR,,,,,,False,False,False,True
2026-02-20,-0.4259479515114178,0.5762297993133311,-0.0270714077978237,0.0058719701422250345,0.25000237307126,BEAR,,,,,,False,False,False,True
2026-02-21,-0.4297274475301362,0.5196988856714889,0.09371518125661382,0.06487984677833672,0.25117670367693096,BEAR,,,,,,False,False,False,True
2026-02-22,-0.3380984270072861,0.3576041591372623,0.26555331641153995,-0.103284912260525,0.25000237307126,BEAR,,,,,,False,False,False,True
2026-02-23,-0.3146848703295131,0.4608642663968597,0.6396156434508707,-0.19999999999999996,0.2511083836924011,BEAR,,,,,,False,False,False,True
2026-02-24,-0.3190413514649322,0.45962014643017823,0.5963132596299028,-0.13453492599234165,0.25506144990493157,BEAR,,,,,,False,False,False,True
2026-02-25,-0.27983761862139755,0.44538035004808885,1.0,0.25468402312983573,0.40266230481092097,BEAR,,,,,,False,False,False,True
2026-02-26,-0.34096307845497975,0.45248552384560736,1.0,0.22009647066949412,0.2637072817179112,BEAR,,,,,,False,False,False,True
2026-02-27,-0.26521093463221845,0.4286267835658059,1.0,-0.2742349065799369,0.3119720458353344,BEAR,,,,,,False,False,False,True
2026-02-28,-0.2478122191780523,0.46425590289971486,1.0,-0.20633076390596555,0.24496044091182984,BEAR,,,,,,False,False,False,True
2026-03-01,-0.2369154292161493,0.4642087515889084,0.5048230728428845,-0.40370105889415214,0.24235650591947394,BEAR,,,,,,False,False,False,True
2026-03-02,-0.24134242740670056,0.46036941783549934,0.38448810355176777,-0.3402912107357528,0.23563163855025265,BEAR,,,,,,False,False,False,True
2026-03-03,-0.1891431841756338,0.4378319858177344,0.3354686038519422,-0.46849127875128166,0.2087371682954598,BEAR,,,,,,False,False,False,True
2026-03-04,-0.16813526438897497,0.4562701678697346,0.028815183247256182,-0.6553012336465946,0.16435124232482667,BEAR,,,,,,False,False,False,True
2026-03-05,-0.24994184781251189,0.44253431621302686,-0.11083694156117552,-0.2808829414957793,0.1536269280569882,BEAR,,,,,,False,False,False,True
2026-03-06,-0.2939538402854681,0.427785652291381,-0.4926618507870423,-0.6746795687892224,0.15681408628929305,BEAR,,,,,,False,False,False,True
2026-03-07,-0.22186505224105457,0.4689235554964123,-0.4340636281938501,-0.6746795687892224,0.15043581417399554,BEAR,,,,,,False,False,False,True
2026-03-08,-0.20218837365593365,0.6564833558354606,-0.4720677176623581,-0.17349933118173566,0.17538748312938424,BEAR,,,,,,False,False,False,True
2026-03-09,-0.27807552580569184,0.6522654224490282,-0.720014362142742,-0.47569150022672746,0.14523234107712324,BEAR,,,,,,False,False,False,True
2026-03-10,-0.2962485176845489,0.6428858435259814,-0.5130334759267586,-0.30255913500927334,0.13880362344091546,BEAR,,,,,,False,False,False,True
2026-03-11,-0.16750950694355204,0.7088315060929711,-0.29388822891987676,-0.6734993311817357,0.16395570014318384,BEAR,,,,,,False,False,False,True
2026-03-12,-0.12401241089585614,0.7180850324011723,0.4701773425213125,-0.20883931485280727,0.289250854168439,BEAR,,,,,,False,False,False,True
2026-03-13,-0.15675244588840243,0.7250072076960239,0.8257112210419455,-0.3494414341245826,0.28686565546751375,BEAR,,,,,,False,False,False,True
2026-03-14,-0.16369080937202973,0.7041957439174734,0.43540147821301667,-0.44840919718415584,0.29756023543227716,BEAR,,,,,,False,False,False,True
2026-03-15,-0.13004261153096142,0.5701313396302158,0.39997707131159244,-0.2939570897312967,0.29756023543227716,BEAR,,,,,,False,False,False,True
2026-03-16,-0.03227107613186425,0.6178296969644195,0.7946171399900774,-0.5175499247865294,0.2692671733610982,BEAR,,,,,,False,False,False,True
2026-03-17,-0.026956317674499616,0.5482826978609858,1.0,-0.5,0.23924705257684253,BEAR,,,,,,False,False,False,True
2026-03-18,-0.031123893419322424,0.5507283055928119,1.0,-0.7836175278415696,0.24079487469886784,BEAR,,,,,,False,False,False,True
2026-03-19,-0.03630300982501031,0.5456261067485632,0.8335910039227101,-0.7269184042978605,0.2435029260423588,BEAR,,,,,,False,False,False,True
2026-03-20,0.2578705810477993,0.709467169489196,0.8044681835740629,-0.5,0.23226053258689205,BEAR,,,,,,False,False,False,True
2026-03-21,0.39339822731468427,0.8088340136796053,0.7639610636111894,-0.5,0.2831664946258666,BEAR,,,,,,False,False,False,True
2026-03-22,0.3264999443437256,0.9691591633807257,0.8041000333937647,-1.0,0.5774112823245161,BEAR,,,,,,False,False,False,True
2026-03-23,0.3787838183977289,0.9461868907842177,0.38985504030370915,-0.7158155257468498,0.23375620893267934,BEAR,,,,,,False,False,False,True
2026-03-24,0.6359226114336411,1.0,0.577258748938225,-0.7676990593678094,0.419233559773607,BULL,,,,,,True,False,False,False
2026-03-25,0.6602736923909802,1.0,0.6038357845654119,-0.5,0.41348142424078993,BULL,,,,,,True,False,False,False
2026-03-26,0.6597992736258491,1.0,0.6041204358244905,-0.66074067992402,0.3103887244787479,BULL,,,,,,True,False,False,False
2026-03-27,0.6602527440299224,1.0,0.6038483535820466,-0.7972236928161284,0.34751382686871346,BULL,,,,,,True,False,False,False
2026-03-28,0.6613066108919976,1.0,0.07333026835013955,-0.8821879468686575,0.6479591641567182,BULL,,,,,,True,False,False,False
2026-03-29,0.6578032644940067,1.0,0.14245030566087344,-0.6834572997271368,0.31847906747808696,BULL,,,,,,True,False,False,False
2026-03-30,0.652689255329518,1.0,0.23785119946457964,-1.0,0.2741043545957754,BULL,,,,,,True,False,False,False
2026-03-31,0.6567432774244852,1.0,0.03090156927826435,-0.8814514134259337,0.24098854790238328,BULL,,,,,,True,False,False,False
2026-04-01,0.6570389779171415,1.0,-1.0,-0.8265380446695216,0.23093880608182465,BULL,,,,,,True,False,False,False
2026-04-02,0.6571967478285586,1.0,-1.0,-0.790147555631036,0.23093880608182465,BULL,,,,,,True,False,False,False
2026-04-03,0.6469400636828642,1.0,-1.0,-0.7708492659749329,0.23093880608182465,BULL,,,,,,True,False,False,False
2026-04-04,0.6568458011680149,1.0,-1.0,-0.6691945390520996,0.23093880608182465,BULL,,,,,,True,False,False,False
2026-04-05,0.655915940388358,1.0,-1.0,-0.6481949620635377,0.2794167632968438,BULL,,,,,,True,False,False,False
2026-04-06,0.6560936728556066,1.0,-0.9571632447509681,-0.610110787111219,0.2794167632968438,BULL,,,,,,True,False,False,False
2026-04-07,0.655969214945793,1.0,-1.0,-0.5871929936337854,0.2794167632968438,BULL,,,,,,True,False,False,False
2026-04-08,0.6616806660076877,1.0,-1.0,-0.6094751232657423,0.2794167632968438,BULL,,,,,,True,False,False,False
2026-04-09,0.6598866210654517,1.0,-1.0,-0.825,0.2794167632968438,BULL,,,,,,True,False,False,False
2026-04-10,0.6593846689506488,1.0,-0.751688199605159,-0.5802234689195842,0.2794167632968438,BULL,,,,,,True,False,False,False
2026-04-11,0.6573334319549091,1.0,-0.7732862447026589,-0.4202381953536934,0.2794167632968438,BULL,,,,,,True,False,False,False
2026-04-12,0.6560205635163414,1.0,-0.745159824984943,-0.6758329732260745,0.2794167632968438,BULL,,,,,,True,False,False,False
2026-04-13,0.6569548819640745,1.0,-0.5604654227620548,-0.6877987227461643,0.2794167632968438,BULL,,,,,,True,False,False,False
2026-04-14,0.6571570895688326,0.516793570744135,-0.3182834905119474,-0.5573274347330988,0.2794167632968438,BULL,,,,,,True,False,False,False
2026-04-15,0.6569712354571765,0.2916218565571011,-0.13978368257815482,-0.7504213630132867,0.2794167632968438,BULL,,,,,,True,False,False,False
2026-04-16,0.6567474595974855,0.28283258527382943,-0.48114342148656913,-0.5883204593152055,0.2794167632968438,BULL,,,,,,True,False,False,False
2026-04-17,0.6568775366165974,0.25307046686950907,-0.4797995201124386,-0.6118099595603234,0.2794167632968438,BULL,,,,,,True,False,False,False
2026-04-18,0.6560335378437769,0.1596003699629695,-0.4629232000868534,-0.7405529009815714,0.2794167632968438,BULL,,,,,,True,False,False,False
