time,close
2020-10-01,10606.6173325541
2020-10-02,10570.1056777908
2020-10-03,10555.7054339567
2020-10-04,10665.618622443
2020-10-05,10772.6355995909
2020-10-06,10596.3735493863
2020-10-07,10667.1943941555
2020-10-08,10902.5293637054
2020-10-09,11074.1036797779
2020-10-10,11302.8542864407
2020-10-11,11378.2625284629
2020-10-12,11548.401556692
2020-10-13,11434.9687849211
2020-10-14,11417.10811391
2020-10-15,11502.5812390415
2020-10-16,11338.9871765634
2020-10-17,11362.8022174167
2020-10-18,11489.6225650497
2020-10-19,11745.8119675628
2020-10-20,11929.4572507306
2020-10-21,12848.4906177674
2020-10-22,12997.4993417884
2020-10-23,12953.4296969608
2020-10-24,13113.8669231444
2020-10-25,13041.6410374635
2020-10-26,13080.6561698422
2020-10-27,13675.5239275278
2020-10-28,13290.3288497954
2020-10-29,13475.2173007013
2020-10-30,13603.2960908825
2020-10-31,13807.2336110462
2020-11-01,13736.89941128
2020-11-02,13595.5647603741
2020-11-03,13996.915398597312
2020-11-04,14129.148195499703
2020-11-05,15606.46683372297
2020-11-06,15618.972471361778
2020-11-07,14866.356304500296
2020-11-08,15500.000707188785
2020-11-09,15319.819972530682
2020-11-10,15319.27567621274
2020-11-11,15731.241105786092
2020-11-12,16289.814897720637
2020-11-13,16330.06276797195
2020-11-14,16102.010016949156
2020-11-15,15986.7549905903
2020-11-16,16743.05393980129
2020-11-17,17682.16918702513
2020-11-18,17804.690023962594
2020-11-19,17818.668662185857
2020-11-20,18663.78185312683
2020-11-21,18706.58933541788
2020-11-22,18482.692631735823
2020-11-23,18373.2577597896
2020-11-24,19150.251048509646
2020-11-25,18748.393713033314
2020-11-26,17113.716871420223
2020-11-27,17101.603018059614
2020-11-28,17745.377312448858
2020-11-29,18190.866880420806
2020-11-30,19664.407606662764
2020-12-01,18820.60778959673
2020-12-02,19214.872229047334
2020-12-03,19470.31120806546
2020-12-04,18732.967090999413
2020-12-05,19114.633130917588
2020-12-06,19356.3136767972
2020-12-07,19182.176832846293
2020-12-08,18340.97813769725
2020-12-09,18574.69673524255
2020-12-10,18294.84695149036
2020-12-11,18061.760025716
2020-12-12,18813.2837685564
2020-12-13,19156.0825055523
2020-12-14,19286.7512992402
2020-12-15,19432.5884640561
2020-12-16,21370.7203186441
2020-12-17,22789.2674160725
2020-12-18,23048.7645610754
2020-12-19,23856.7735192285
2020-12-20,23528.5506135593
2020-12-21,22937.4183435418
2020-12-22,23756.8887685564
2020-12-23,23307.2709018118
2020-12-24,23707.6330440678
2020-12-25,24669.1643220339
2020-12-26,26478.0681052016
2020-12-27,26430.8565971946
2020-12-28,27039.3490199883
2020-12-29,27231.2034552893
2020-12-30,28844.6136781999
2020-12-31,29022.6714126242
2021-01-01,29380.6937327878
2021-01-02,32022.6810578609
2021-01-03,33277.8353050848
2021-01-04,31802.1467136178
2021-01-05,34013.1741724138
2021-01-06,36643.2777223846
2021-01-07,39215.6511490356
2021-01-08,40775.4045634132
2021-01-09,40370.6823495032
2021-01-10,38329.3401665693
2021-01-11,35269.5137177089
2021-01-12,33712.4685452952
2021-01-13,37296.5475277615
2021-01-14,39045.518340152
2021-01-15,36710.3174248977
2021-01-16,36177.2610970193
2021-01-17,36069.939466803
2021-01-18,36594.2964018118
2021-01-19,36250.1461893629
2021-01-20,35515.480012858
2021-01-21,31022.9510280538
2021-01-22,32986.4357568673
2021-01-23,32036.2822723553
2021-01-24,32216.1042904734
2021-01-25,32419.7059462303
2021-01-26,32640.6391426067
2021-01-27,30358.9347235535
2021-01-28,33511.287595149
2021-01-29,34166.1494259497
2021-01-30,34349.9170952659
2021-01-31,33157.8325745178
2021-02-01,33570.2718468732
2021-02-02,35596.1489094097
2021-02-03,37578.3732068966
2021-02-04,37129.2029376972
2021-02-05,38045.4136084161
2021-02-06,39341.727081239
2021-02-07,39003.0121817651
2021-02-08,46121.9340724722
2021-02-09,46548.1619912332
2021-02-10,45078.128350263
2021-02-11,47892.8409181765
2021-02-12,47525.2091431911
2021-02-13,47208.6250270602
2021-02-14,48829.8275096435
2021-02-15,48110.2417334892
2021-02-16,49140.3826578024
2021-02-17,52224.9391139684
2021-02-18,51650.0699485681
2021-02-19,55820.5044038574
2021-02-20,55861.8205670953
2021-02-21,57500.7161102864
2021-02-22,53952.1533386324
2021-02-23,48560.4890350672
2021-02-24,49567.3456890707
2021-02-25,47568.131170076
2021-02-26,46231.7675784921
2021-02-27,45834.5133611923
2021-02-28,45359.4641642314
2021-03-01,49634.4471092928
2021-03-02,48304.7054879018
2021-03-03,50690.4671835184
2021-03-04,48472.7954751607
2021-03-05,48800.8173594389
2021-03-06,48970.5244868498
2021-03-07,51086.4681794272
2021-03-08,52088.475131502
2021-03-09,54739.1352542373
2021-03-10,56116.040912332
2021-03-11,57847.2549357101
2021-03-12,57334.641534775
2021-03-13,61288.7941276447
2021-03-14,59905.6184704851
2021-03-15,56121.121924021
2021-03-16,56500.4460257159
2021-03-17,58683.0659824664
2021-03-18,57731.4798410871
2021-03-19,58168.1219222677
2021-03-20,58247.8847066043
2021-03-21,57447.9330198714
2021-03-22,54453.1373508475
2021-03-23,54563.6119458211
2021-03-24,52595.4113237873
2021-03-25,51547.1248953828
2021-03-26,54817.8571122151
2021-03-27,56019.8373055523
2021-03-28,55713.0381396844
2021-03-29,57571.2333477498
2021-03-30,58684.5483921683
2021-03-31,58792.1948275862
2021-04-01,58818.9770985973
2021-04-02,59031.5340192285
2021-04-03,57282.3896247808
2021-04-04,58202.199391993
2021-04-05,58755.8525295149
2021-04-06,58084.0664231444
2021-04-07,56266.8346762127
2021-04-08,57963.3445994155
2021-04-09,58051.7625563998
2021-04-10,59651.5589877265
2021-04-11,59932.9306469901
2021-04-12,59905.9363744594
2021-04-13,63445.638314436
2021-04-14,62869.4955873758
2021-04-15,63231.162987142
2021-04-16,61571.1100905903
2021-04-17,60280.8761758036
2021-04-18,56389.5579812975
2021-04-19,55798.1370771479
2021-04-20,56474.3737586207
2021-04-21,54025.7995745178
2021-04-22,51882.0598106371
2021-04-23,50954.9100607832
2021-04-24,50279.9484464056
2021-04-25,48946.9407428404
2021-04-26,53943.3499783752
2021-04-27,55027.0309848042
2021-04-28,54787.3787071888
2021-04-29,53567.0811938048
2021-04-30,57741.44441654
2021-05-01,57863.5903927528
2021-05-02,56572.5968410286
2021-05-03,57243.0416054939
2021-05-04,53724.10892519
2021-05-05,57342.0256616014
2021-05-06,56527.3529789597
2021-05-07,57341.0684549386
2021-05-08,58736.1258950906
2021-05-09,58288.4256303916
2021-05-10,55902.9277399182
2021-05-11,56612.1026487434
2021-05-12,50972.355081239
2021-05-13,49368.6144739918
2021-05-14,49997.3959011105
2021-05-15,47047.9633331385
2021-05-16,46022.5037090006
2021-05-17,43492.3954833431
2021-05-18,42789.8093921683
2021-05-19,37642.5200017534
2021-05-20,40799.4021475745
2021-05-21,37174.3311014027
2021-05-22,37643.4197983635
2021-05-23,34774.207221917
2021-05-24,38630.4091186441
2021-05-25,38269.7710747516
2021-05-26,39194.8588980129
2021-05-27,38510.8570417884
2021-05-28,35596.7179510228
2021-05-29,34681.8183670368
2021-05-30,35652.1687703098
2021-05-31,37312.9748970193
2021-06-01,36661.3781184687
2021-06-02,37639.4556732905
2021-06-03,39160.1504132086
2021-06-04,36884.3735551724
2021-06-05,35409.5672366452
2021-06-06,35720.6043546464
2021-06-07,33724.9077517826
2021-06-08,33475.0489234366
2021-06-09,37372.9888953828
2021-06-10,36826.0022185856
2021-06-11,37185.3931268264
2021-06-12,35669.1712817066
2021-06-13,38925.4194289889
2021-06-14,40455.5959833431
2021-06-15,40254.6514679135
2021-06-16,38265.5437726476
2021-06-17,38018.6432346581
2021-06-18,35714.3120787259
2021-06-19,35555.9763966686
2021-06-20,35599.9418784337
2021-06-21,31715.1598624196
2021-06-22,32394.5555949737
2021-06-23,33610.4968129749
2021-06-24,34658.972875979
2021-06-25,31683.5032004676
2021-06-26,31890.6764465225
2021-06-27,34506.4911975453
2021-06-28,34376.188538983
2021-06-29,35933.7782178843
2021-06-30,35065.4661533606
2021-07-01,33505.0804935126
2021-07-02,33782.9459464641
2021-07-03,34588.2242916423
2021-07-04,35355.6078883694
2021-07-05,33911.7538404442
2021-07-06,34123.9815680888
2021-07-07,33931.6186382233
2021-07-08,32819.6595312098
2021-07-09,33914.8810742256
2021-07-10,33610.9458386908
2021-07-11,34258.4413898305
2021-07-12,33135.2359117475
2021-07-13,32641.9759610169
2021-07-14,32798.2845189947
2021-07-15,31707.6900368206
2021-07-16,31455.7175818819
2021-07-17,31547.9511990064
2021-07-18,31707.7038527177
2021-07-19,30883.4697462303
2021-07-20,29766.6577182934
2021-07-21,32119.6572258328
2021-07-22,32306.9614285798
2021-07-23,33439.5957028638
2021-07-24,34166.914654588
2021-07-25,35119.9374360023
2021-07-26,37444.7825102279
2021-07-27,39126.5402881356
2021-07-28,39939.1940432495
2021-07-29,40086.1643950906
2021-07-30,41789.6670981882
2021-07-31,41793.3137481005
2021-08-01,39968.9689544126
2021-08-02,39304.1862835769
2021-08-03,38288.8253975453
2021-08-04,39773.9113489188
2021-08-05,40941.650434249
2021-08-06,42790.3573284629
2021-08-07,44484.9005862069
2021-08-08,43972.3010181181
2021-08-09,46265.6424564582
2021-08-10,45488.7912624196
2021-08-11,45676.3263611923
2021-08-12,44405.7483483343
2021-08-13,47717.4853559322
2021-08-14,47124.2050736411
2021-08-15,47074.370710111
2021-08-16,45984.7199070719
2021-08-17,44714.0967982466
2021-08-18,44954.3637469316
2021-08-19,46646.8615049679
2021-08-20,49240.8356049094
2021-08-21,49070.2409701929
2021-08-22,49363.3160952659
2021-08-23,49590.8763676213
2021-08-24,47925.8622127411
2021-08-25,49002.3166049094
2021-08-26,47190.3449929866
2021-08-27,49048.4755891292
2021-08-28,48852.4687995324
2021-08-29,48948.3479579193
2021-08-30,47125.7685189947
2021-08-31,47219.2443424898
2021-09-01,48688.5375572764
2021-09-02,49369.5862746932
2021-09-03,49860.5341635301
2021-09-04,49919.577563647
2021-09-05,51747.6438565167
2021-09-06,52640.5883740503
2021-09-07,46854.4006028638
2021-09-08,46187.9757306254
2021-09-09,46448.7748290473
2021-09-10,44765.2755762712
2021-09-11,45098.5916447691
2021-09-12,46180.6124563998
2021-09-13,44991.5221277031
2021-09-14,47022.6177597896
2021-09-15,48167.1893676213
2021-09-16,47797.3283237873
2021-09-17,47213.7941294565
2021-09-18,48204.0136519579
2021-09-19,47218.4739964933
2021-09-20,42855.5103448276
2021-09-21,40526.4893760958
2021-09-22,43577.5724821742
2021-09-23,44861.2980329047
2021-09-24,42803.307701052
2021-09-25,42735.2658240795
2021-09-26,43131.2941773816
2021-09-27,42496.7852250146
2021-09-28,41223.7862743425
2021-09-29,41453.9470131502
2021-09-30,43781.546015488
2021-10-01,48078.1315543542
2021-10-02,47792.4391943308
2021-10-03,48202.6229177089
2021-10-04,49288.5013106371
2021-10-05,51558.0493319112
2021-10-06,55419.800411163
2021-10-07,53805.1569125658
2021-10-08,53933.5275908825
2021-10-09,55010.9224751607
2021-10-10,54701.2797022209
2021-10-11,57289.1864570426
2021-10-12,56196.1812597896
2021-10-13,57348.8928769725
2021-10-14,57384.0369146698
2021-10-15,61446.0840073057
2021-10-16,60932.0632119228
2021-10-17,61462.2223722969
2021-10-18,61977.0575514319
2021-10-19,64290.8977574518
2021-10-20,66061.7965639977
2021-10-21,62373.8856206897
2021-10-22,60750.9673718293
2021-10-23,61250.082628872
2021-10-24,60865.4470523086
2021-10-25,63031.6729015196
2021-10-26,60393.9802738165
2021-10-27,58563.3359899766
2021-10-28,60564.5721122151
2021-10-29,62230.8055689655
2021-10-30,61742.9165321449
2021-10-31,61432.9700628287
2021-11-01,61092.0950592051
2021-11-02,63024.7472296902
2021-11-03,62955.9817630041
2021-11-04,61393.8899780246
2021-11-05,61005.840833723
2021-11-06,61455.0536268849
2021-11-07,63043.8290590298
2021-11-08,67541.7555081824
2021-11-09,67095.5856706605
2021-11-10,64756.0779689071
2021-11-11,64962.9312939801
2021-11-12,64078.968037405
2021-11-13,64397.7912063121
2021-11-14,65032.2256548217
2021-11-15,63753.5031592636
2021-11-16,60322.4978530099
2021-11-17,60154.3083661601
2021-11-18,56794.1556271186
2021-11-19,58014.0729888954
2021-11-20,59749.4738229106
2021-11-21,59032.6241017534
2021-11-22,56383.5658760958
2021-11-23,57642.2657980713
2021-11-24,57141.8303784337
2021-11-25,59008.6554792519
2021-11-26,53800.6178389831
2021-11-27,54635.8824628872
2021-11-28,57248.5696963764
2021-11-29,57920.7107299825
2021-11-30,57097.0127942724
2021-12-01,57180.6098439509
2021-12-02,56582.8937691408
2021-12-03,53671.6160680888
2021-12-04,49159.7357983635
2021-12-05,49327.0935999416
2021-12-06,50535.4252232612
2021-12-07,50574.4728344828
2021-12-08,50500.6543513735
2021-12-09,47937.8228458212
2021-12-10,47437.2289725307
2021-12-11,49321.7693252484
2021-12-12,50136.5722568673
2021-12-13,46785.3278410286
2021-12-14,48292.6822501461
2021-12-15,48830.6223860316
2021-12-16,47663.4691077148
2021-12-17,46334.4837489772
2021-12-18,46904.8736753361
2021-12-19,46876.426924021
2021-12-20,46954.7634783168
2021-12-21,49082.0624666277
2021-12-22,48692.0987391584
2021-12-23,50712.9707682642
2021-12-24,50783.8344210988
2021-12-25,50590.4508976622
2021-12-26,50798.3065859147
2021-12-27,50796.3776735827
2021-12-28,47673.0440452367
2021-12-29,46470.3215751023
2021-12-30,47102.4630037989
2021-12-31,46355.1173302747
2022-01-01,47560.0093816482
2022-01-02,47352.5577565751
2022-01-03,46453.432351841
2022-01-04,45905.9611221508
2022-01-05,43530.9440388662
2022-01-06,43144.9652928112
2022-01-07,41512.7845808299
2022-01-08,41799.8128848627
2022-01-09,41886.4985569842
2022-01-10,41816.9510561075
2022-01-11,42768.1786116306
2022-01-12,43961.0265441262
2022-01-13,42626.8653924605
2022-01-14,43102.6476180596
2022-01-15,43206.6744812975
2022-01-16,43168.8596671537
2022-01-17,42211.270399474
2022-01-18,42431.2319670368
2022-01-19,41787.722012858
2022-01-20,40756.1261630625
2022-01-21,36492.2872241379
2022-01-22,34996.390965225
2022-01-23,36271.0502650497
2022-01-24,36659.7252206312
2022-01-25,36952.586773232
2022-01-26,36825.8245993571
2022-01-27,37021.9371332554
2022-01-28,37768.8474836353
2022-01-29,38088.2912279953
2022-01-30,37983.5063845704
2022-01-31,38462.6724029807
2022-02-01,38787.9640824079
2022-02-02,36942.3307493279
2022-02-03,37057.6521879018
2022-02-04,41079.9060881356
2022-02-05,41508.5816925774
2022-02-06,42358.2251732905
2022-02-07,43888.980119813
2022-02-08,44167.4447945646
2022-02-09,44405.0732042665
2022-02-10,43614.3426960842
2022-02-11,42357.3217416715
2022-02-12,42173.4593962595
2022-02-13,42195.5947451782
2022-02-14,42646.1618590883
2022-02-15,44511.9084880187
2022-02-16,44065.7092673875
2022-02-17,40610.024261543
2022-02-18,40044.2204856809
2022-02-19,40095.887329398
2022-02-20,38551.6224967855
2022-02-21,37098.0360081824
2022-02-22,38202.5940818235
2022-02-23,37308.2687344243
2022-02-24,38283.790402104
2022-02-25,39323.7702158387
2022-02-26,39056.5781523086
2022-02-27,37664.7792828755
2022-02-28,43179.2545140269
2022-03-01,44334.457582408
2022-03-02,43984.584926768
2022-03-03,42492.7744552893
2022-03-04,39106.4052159556
2022-03-05,39383.8848433665
2022-03-06,38399.3426268264
2022-03-07,38146.734273232
2022-03-08,38725.477261543
2022-03-09,41989.4028179427
2022-03-10,39482.2584672706
2022-03-11,38825.3644214494
2022-03-12,38951.1300157802
2022-03-13,37808.3174004091
2022-03-14,39649.0453243717
2022-03-15,39356.8139000584
2022-03-16,41101.768579135
2022-03-17,40966.4169324956
2022-03-18,41826.1160710111
2022-03-19,42193.1615362361
2022-03-20,41294.7235129164
2022-03-21,41064.429648159
2022-03-22,42383.169518761
2022-03-23,42734.2000355932
2022-03-24,43974.5935882525
2022-03-25,44347.034279661
2022-03-26,44519.9268641145
2022-03-27,46777.2056265342
2022-03-28,47223.6528860316
2022-03-29,47463.7096770894
2022-03-30,47123.2971478667
2022-03-31,45562.2106665693
2022-04-01,46250.3362878434
2022-04-02,45939.8973489188
2022-04-03,46440.5438538866
2022-04-04,46663.0041770894
2022-04-05,45693.0350619521
2022-04-06,43304.9371990064
2022-04-07,43569.0471697837
2022-04-08,42222.0689772063
2022-04-09,42680.9947355932
2022-04-10,42264.4633909994
2022-04-11,39544.0251835184
2022-04-12,40096.3669748685
2022-04-13,41152.7554517826
2022-04-14,39916.4963842782
2022-04-15,40527.3319567504
2022-04-16,40439.5881209819
2022-04-17,39704.7839798364
2022-04-18,40818.8786025716
2022-04-19,41489.6638011689
2022-04-20,41395.64458346
2022-04-21,40457.4959418469
2022-04-22,39737.9735040912
2022-04-23,39582.4548720047
2022-04-24,39511.6456928697
2022-04-25,40473.7483176505
2022-04-26,38072.800873758
2022-04-27,39218.5376174752
2022-04-28,39747.9894270018
2022-04-29,38609.5059070719
2022-04-30,37714.0949804208
2022-05-01,38459.226979135
2022-05-02,38566.0628877849
2022-05-03,37704.4053153127
2022-05-04,39641.852176505
2022-05-05,36502.0245601403
2022-05-06,36042.9995584453
2022-05-07,35508.7110227937
2022-05-08,34058.9066861484
2022-05-09,30457.9218194039
2022-05-10,30990.7351659848
2022-05-11,28796.5568217417
2022-05-12,29030.7070417884
2022-05-13,29285.9346718293
2022-05-14,30051.935755114
2022-05-15,31182.6212460549
2022-05-16,29889.6124757452
2022-05-17,30438.1944476914
2022-05-18,28771.2204786675
2022-05-19,30257.8852483928
2022-05-20,29224.245998422
2022-05-21,29420.0782857978
2022-05-22,30331.87514173
2022-05-23,29088.2515419638
2022-05-24,29643.6837556984
2022-05-25,29577.259880187
2022-05-26,29332.4860467563
2022-05-27,28612.0413103448
2022-05-28,29045.5206344243
2022-05-29,29430.0689800117
2022-05-30,31735.9549719462
2022-05-31,31831.4095251315
2022-06-01,29825.9221992987
2022-06-02,30504.2679997078
2022-06-03,29662.6709708942
2022-06-04,29792.4076779077
2022-06-05,29915.4093009936
2022-06-06,31333.6770197545
2022-06-07,31175.0324289889
2022-06-08,30228.464698422
2022-06-09,30064.4855289305
2022-06-10,29070.4000300994
2022-06-11,28360.7899231444
2022-06-12,26830.2839456458
2022-06-13,22316.2570400351
2022-06-14,22072.8663085915
2022-06-15,22520.7910087668
2022-06-16,20310.1769848042
2022-06-17,20464.9290873174
2022-06-18,19013.8672536528
2022-06-19,20492.2951683226
2022-06-20,20571.6292247224
2022-06-21,20688.4651312098
2022-06-22,20003.1683375219
2022-06-23,21097.1028331385
2022-06-24,21299.0769853887
2022-06-25,21468.3431566335
2022-06-26,21066.6209430158
2022-06-27,20751.0516960842
2022-06-28,20263.2196393922
2022-06-29,20080.9480864991
2022-06-30,19332.9121294565
2022-07-01,19341.8631240795
2022-07-02,19231.8317083577
2022-07-03,19276.5146639392
2022-07-04,20226.2984745763
2022-07-05,20193.3427938048
2022-07-06,20560.8438126826
2022-07-07,21651.4191423144
2022-07-08,21813.7871239042
2022-07-09,21585.1321922852
2022-07-10,20831.2733915839
2022-07-11,19971.3294704851
2022-07-12,19339.1534734074
2022-07-13,20155.5278386908
2022-07-14,20552.8990289304
2022-07-15,20831.722700526
2022-07-16,21196.5091428989
2022-07-17,20827.8886085915
2022-07-18,22305.7066428989
2022-07-19,23371.2026601403
2022-07-20,23280.9356680304
2022-07-21,23152.4093112215
2022-07-22,22706.0835554646
2022-07-23,22484.4592317358
2022-07-24,22653.3570260082
2022-07-25,21510.1255874342
2022-07-26,21181.6591967855
2022-07-27,22898.4150683226
2022-07-28,23838.5568838691
2022-07-29,23950.7403798948
2022-07-30,23623.4349611338
2022-07-31,23356.1722215079
2022-08-01,23331.4426969608
2022-08-02,23031.4268834015
2022-08-03,22809.7474418469
2022-08-04,22628.3320821157
2022-08-05,23248.9715023378
2022-08-06,22996.2750452952
2022-08-07,23153.6584713618
2022-08-08,23803.6505154296
2022-08-09,23186.2917464641
2022-08-10,23923.0584830508
2022-08-11,23934.4390561075
2022-08-12,24396.3088462887
2022-08-13,24426.2225748101
2022-08-14,24314.2021315021
2022-08-15,24083.9539748685
2022-08-16,23868.8193530099
2022-08-17,23336.3489310345
2022-08-18,23221.1706028638
2022-08-19,20906.7663141438
2022-08-20,21146.6548021625
2022-08-21,21553.9961717125
2022-08-22,21301.0840581531
2022-08-23,21534.5143521333
2022-08-24,21424.9728232028
2022-08-25,21587.8395844535
2022-08-26,20246.1655733489
2022-08-27,20043.9909485681
2022-08-28,19673.5412188778
2022-08-29,20270.960383986
2022-08-30,19825.4632066043
2022-08-31,20024.6716059614
2022-09-01,20105.4626072472
2022-09-02,19948.8567472823
2022-09-03,19803.8332697253
2022-09-04,19961.9118907072
2022-09-05,19797.7967884278
2022-09-06,18846.150537405
2022-09-07,19292.9070745178
2022-09-08,19319.1248512566
2022-09-09,21363.3136152542
2022-09-10,21715.2107980713
2022-09-11,21732.7705686733
2022-09-12,22365.2145601987
2022-09-13,20165.0421607247
2022-09-14,20246.3660424313
2022-09-15,19696.8698661601
2022-09-16,19741.5776168907
2022-09-17,20120.7023459965
2022-09-18,19427.1002626534
2022-09-19,19557.9769582116
2022-09-20,18872.9498667446
2022-09-21,18506.7607481005
2022-09-22,19414.5396449445
2022-09-23,19326.8648199883
2022-09-24,18924.7677872589
2022-09-25,18793.1561531268
2022-09-26,19201.1317209234
2022-09-27,19106.7389135009
2022-09-28,19454.937210111
2022-09-29,19540.8664105786
2022-09-30,19435.1946917008
2022-10-01,19311.861629398
2022-10-02,19015.2928050847
2022-10-03,19633.4325859147
2022-10-04,20339.9712811221
2022-10-05,20155.0996987142
2022-10-06,19950.5477957335
2022-10-07,19539.1439216832
2022-10-08,19416.1772291058
2022-10-09,19428.3671323787
2022-10-10,19154.4042346581
2022-10-11,19039.2820683811
2022-10-12,19156.9115645821
2022-10-13,19387.8336806546
2022-10-14,19177.6941031561
2022-10-15,19069.8749272355
2022-10-16,19261.7497878434
2022-10-17,19557.0218106371
2022-10-18,19341.4075543542
2022-10-19,19132.1544254822
2022-10-20,19033.3760239626
2022-10-21,19174.8763487434
2022-10-22,19207.6285078901
2022-10-23,19565.4123243717
2022-10-24,19341.460210111
2022-10-25,20094.9611215663
2022-10-26,20797.0308258328
2022-10-27,20280.1751280538
2022-10-28,20604.6138535944
2022-10-29,20803.8999205143
2022-10-30,20616.7033766803
2022-10-31,20490.8581808884
2022-11-01,20483.966530976
2022-11-02,20148.2845537697
2022-11-03,20198.1111860316
2022-11-04,21157.2449275278
2022-11-05,21283.4715999416
2022-11-06,20946.8030359439
2022-11-07,20568.5651183518
2022-11-08,18520.971163647
2022-11-09,15758.2912819988
2022-11-10,17541.5602866745
2022-11-11,16916.8506312098
2022-11-12,16771.2426718293
2022-11-13,16320.4983375219
2022-11-14,16629.4784146698
2022-11-15,16855.59378609
2022-11-16,16659.6063345996
2022-11-17,16675.1790204559
2022-11-18,16661.5229576271
2022-11-19,16696.0040581531
2022-11-20,16246.8446992987
2022-11-21,15778.0174047341
2022-11-22,16172.8893445354
2022-11-23,16574.0617299825
2022-11-24,16583.5243445354
2022-11-25,16522.3887767388
2022-11-26,16448.6413077148
2022-11-27,16436.0707688486
2022-11-28,16212.5814161309
2022-11-29,16443.0368199883
2022-11-30,17176.8986914085
2022-12-01,16961.2918042081
2022-12-02,17075.1091370544
2022-12-03,16899.5073831093
2022-12-04,17121.7149824664
2022-12-05,16961.3517866745
2022-12-06,17070.5158281707
2022-12-07,16848.2518243717
2022-12-08,17231.4563223261
2022-12-09,17136.1490008767
2022-12-10,17124.2146797195
2022-12-11,17094.3606592636
2022-12-12,17195.5249962011
2022-12-13,17774.9166320865
2022-12-14,17809.7240835769
2022-12-15,17344.0544569258
2022-12-16,16606.1101750438
2022-12-17,16774.3853702513
2022-12-18,16776.1159254822
2022-12-19,16424.1313857393
2022-12-20,16901.8169362946
2022-12-21,16800.5329707773
2022-12-22,16814.2225791935
2022-12-23,16780.5169798363
2022-12-24,16837.612170076
2022-12-25,16824.8389736996
2022-12-26,16879.9382273524
2022-12-27,16698.9112708942
2022-12-28,16536.2942001753
2022-12-29,16630.5931551724
2022-12-30,16593.6888287551
2022-12-31,16524.2178024547
2023-01-01,16606.7520432496
2023-01-02,16688.7192729398
2023-01-03,16670.0773836937
2023-01-04,16848.3660391584
2023-01-05,16824.8001826417
2023-01-06,16957.8622738165
2023-01-07,16942.6285891292
2023-01-08,17059.2399444769
2023-01-09,17182.3198521333
2023-01-10,17433.9146320865
2023-01-11,17833.7107656341
2023-01-12,18869.7044842198
2023-01-13,19868.7247454705
2023-01-14,21010.9227200468
2023-01-15,20876.0085561075
2023-01-16,21180.4119485681
2023-01-17,21178.2993962595
2023-01-18,20709.6686040327
2023-01-19,21071.8334152542
2023-01-20,22660.7169421391
2023-01-21,22803.172761543
2023-01-22,22716.2771966686
2023-01-23,22929.0248936295
2023-01-24,22611.1268787259
2023-01-25,23109.0845189947
2023-01-26,23008.6894766219
2023-01-27,23070.4964582116
2023-01-28,23008.8094649328
2023-01-29,23774.9963679135
2023-01-30,22799.427261543
2023-01-31,23130.0519132087
2023-02-01,23727.2026075395
2023-02-02,23505.6048430742
2023-02-03,23445.8131773816
2023-02-04,23355.5243863238
2023-02-05,22957.2251905319
2023-02-06,22745.1650371128
2023-02-07,23266.2692036821
2023-02-08,22937.5799453536
2023-02-09,21818.1989456458
2023-02-10,21620.5667837522
2023-02-11,21864.8626414378
2023-02-12,21772.1373252484
2023-02-13,21798.7157168323
2023-02-14,22222.415043834
2023-02-15,24304.6129827586
2023-02-16,23742.4488354763
2023-02-17,24607.3356054939
2023-02-18,24636.5266127995
2023-02-19,24366.9907606663
2023-02-20,24797.8430359439
2023-02-21,24400.3893898305
2023-02-22,24163.7389812975
2023-02-23,23910.0342104033
2023-02-24,23175.8242036821
2023-02-25,23159.8154403857
2023-02-26,23542.0964281122
2023-02-27,23504.1894178843
2023-02-28,23145.9491277031
2023-03-01,23610.6590902981
2023-03-02,23470.0254815897
2023-03-03,22350.0962340736
2023-03-04,22334.2852638808
2023-03-05,22419.8171390999
2023-03-06,22414.7033056692
2023-03-07,22174.6484725307
2023-03-08,21701.3846227352
2023-03-09,20349.8141732905
2023-03-10,20240.406694623
2023-03-11,20585.2343290473
2023-03-12,22065.9800359439
2023-03-13,24154.4290946815
2023-03-14,24769.0175691409
2023-03-15,24409.8017518995
2023-03-16,25043.2388468732
2023-03-17,27450.6282933957
2023-03-18,26985.7359915254
2023-03-19,28185.2043319696
2023-03-20,27834.3361090006
2023-03-21,28172.7950558153
2023-03-22,27341.5571297487
2023-03-23,28387.8897495617
2023-03-24,27464.1249453536
2023-03-25,27488.954880187
2023-03-26,28049.3916911163
2023-03-27,27154.9963702513
2023-03-28,27283.9634029807
2023-03-29,28389.2917784921
2023-03-30,28021.5583009936
2023-03-31,28514.6813062537
2023-04-01,28494.5638863238
2023-04-02,28161.9980362361
2023-04-03,27850.9799436002
2023-04-04,28113.9585187025
2023-04-05,28190.3116063705
2023-04-06,28049.0744763296
2023-04-07,27936.8042609585
2023-04-08,27964.0512498539
2023-04-09,28357.8072703098
2023-04-10,29687.5651846873
2023-04-11,30247.0959193454
2023-04-12,29913.0035463472
2023-04-13,30370.82207218
2023-04-14,30458.9700414962
2023-04-15,30342.0591084161
2023-04-16,30312.9308533022
2023-04-17,29469.5050727645
2023-04-18,30366.8723813559
2023-04-19,28796.7440952659
2023-04-20,28251.2763790181
2023-04-21,27292.0211052016
2023-04-22,27827.5475920514
2023-04-23,27604.6855742256
2023-04-24,27520.1996729982
2023-04-25,28302.6942180012
2023-04-26,28384.2340333139
2023-04-27,29465.5514272355
2023-04-28,29350.811886616
2023-04-29,29221.5145075979
2023-04-30,29362.0867974868
2023-05-01,28114.9531873174
2023-05-02,28690.5809959088
2023-05-03,29045.0427735243
2023-05-04,28855.8574465225
2023-05-05,29552.9695236704
2023-05-06,28899.4629602572
2023-05-07,28761.738434249
2023-05-08,27727.2854091175
2023-05-09,27642.4281092928
2023-05-10,27646.004902104
2023-05-11,26986.271065751
2023-05-12,26773.3443591467
2023-05-13,26841.3982913501
2023-05-14,26918.261597896
2023-05-15,27231.6216052016
2023-05-16,27025.7181864407
2023-05-17,27401.0440610754
2023-05-18,26843.2350938048
2023-05-19,26889.503631502
2023-05-20,27100.8582878434
2023-05-21,26777.0977831677
2023-05-22,26858.7370637054
2023-05-23,27226.8558763881
2023-05-24,26341.4306446522
2023-05-25,26484.8359234366
2023-05-26,26720.3838071303
2023-05-27,26854.5403702513
2023-05-28,28097.5211259497
2023-05-29,27765.0728693746
2023-05-30,27712.4915844535
2023-05-31,27217.6832580362
2023-06-01,26825.3713451198
2023-06-02,27255.2279941555
2023-06-03,27079.4084643483
2023-06-04,27158.25456955
2023-06-05,25785.8514842198
2023-06-06,27213.7705187025
2023-06-07,26339.5790292227
2023-06-08,26521.693600526
2023-06-09,26470.6775780245
2023-06-10,25863.2138506721
2023-06-11,25906.8281516657
2023-06-12,25906.7519354179
2023-06-13,25880.8599734074
2023-06-14,25097.5853796026
2023-06-15,25559.1433293396
2023-06-16,26331.8200943892
2023-06-17,26514.1713495032
2023-06-18,26353.962682934
2023-06-19,26778.0634415547
2023-06-20,28305.4204573349
2023-06-21,30099.5153509643
2023-06-22,29952.5112866745
2023-06-23,30638.3537644652
2023-06-24,30549.0162872589
2023-06-25,30467.4403705435
2023-06-26,30255.8861241964
2023-06-27,30667.0762948568
2023-06-28,30104.0432717709
2023-06-29,30460.792978083
2023-06-30,30484.503257744
2023-07-01,30581.6889655172
2023-07-02,30594.2164736996
2023-07-03,31135.3575993571
2023-07-04,30799.9474558738
2023-07-05,30497.8221282876
2023-07-06,29979.7298094681
2023-07-07,30329.8829786674
2023-07-08,30263.6196341321
2023-07-09,30163.2210563998
2023-07-10,30394.6555806546
2023-07-11,30616.247094097
2023-07-12,30385.6087852133
2023-07-13,31434.7354704851
2023-07-14,30310.6720204559
2023-07-15,30290.8905958504
2023-07-16,30249.7729658095
2023-07-17,30143.7462744009
2023-07-18,29835.7474076563
2023-07-19,29913.0294646406
2023-07-20,29805.6065707189
2023-07-21,29919.6934921099
2023-07-22,29726.0096271186
2023-07-23,30066.5724482759
2023-07-24,29178.3597042665
2023-07-25,29221.2548533022
2023-07-26,29361.5917580362
2023-07-27,29201.6865175336
2023-07-28,29316.3130751023
2023-07-29,29360.376179135
2023-07-30,29262.8367337814
2023-07-31,29219.8201887785
2023-08-01,29499.5875385739
2023-08-02,29143.1519620105
2023-08-03,29192.3448617767
2023-08-04,29057.2532437171
2023-08-05,29053.0956975453
2023-08-06,29048.0433275862
2023-08-07,29164.3585873758
2023-08-08,29779.511383986
2023-08-09,29582.9442375804
2023-08-10,29430.1599117475
2023-08-11,29399.784739626
2023-08-12,29415.733902104
2023-08-13,29286.1176110462
2023-08-14,29408.9717127411
2023-08-15,29167.59721654
2023-08-16,28754.2924079486
2023-08-17,26660.5627264757
2023-08-18,26037.3658474576
2023-08-19,26093.981808007
2023-08-20,26176.4721642315
2023-08-21,26128.9050160725
2023-08-22,25978.2096914085
2023-08-23,26452.1935882525
2023-08-24,26126.7943331385
2023-08-25,26040.881255114
2023-08-26,26006.1740800701
2023-08-27,26086.3612594974
2023-08-28,26103.2765730567
2023-08-29,27672.2221306254
2023-08-30,27298.997779661
2023-08-31,25954.8665935126
2023-09-01,25802.7885298071
2023-09-02,25868.2960976037
2023-09-03,25962.5475689655
2023-09-04,25799.5256870251
2023-09-05,25782.3622200468
2023-09-06,25754.7902676797
2023-09-07,26210.6045637054
2023-09-08,25904.6982127411
2023-09-09,25894.6205976037
2023-09-10,25831.4647802455
2023-09-11,25135.0393781414
2023-09-12,25859.7018068381
2023-09-13,26226.8667524839
2023-09-14,26556.056943308
2023-09-15,26672.6160818235
2023-09-16,26555.6361031561
2023-09-17,26502.4321189363
2023-09-18,26764.6319064874
2023-09-19,27215.0504848042
2023-09-20,27133.4037235535
2023-09-21,26571.5952919345
2023-09-22,26581.1476116306
2023-09-23,26575.776386616
2023-09-24,26286.6410488019
2023-09-25,26288.8095005845
2023-09-26,26194.5378880772
2023-09-27,26336.0825973115
2023-09-28,27033.4254415546
2023-09-29,26911.2514739918
2023-09-30,26977.6933126826
2023-10-01,27950.1453594389
2023-10-02,27565.8892954413
2023-10-03,27439.1422393337
2023-10-04,27797.251176505
2023-10-05,27426.3450926359
2023-10-06,27941.9633760959
2023-10-07,27972.7515704266
2023-10-08,27936.3261157218
2023-10-09,27591.3467618352
2023-10-10,27419.7971803039
2023-10-11,26828.1725710111
2023-10-12,26741.3405990649
2023-10-13,26842.4467703098
2023-10-14,26861.9892375804
2023-10-15,27130.3067092344
2023-10-16,28506.7936741671
2023-10-17,28433.2051522501
2023-10-18,28328.0750195792
2023-10-19,28690.358041204
2023-10-20,29704.9853673291
2023-10-21,29922.5464044418
2023-10-22,29984.1593196961
2023-10-23,32954.1690482174
2023-10-24,33880.9566537113
2023-10-25,34488.6589210988
2023-10-26,34181.4922521917
2023-10-27,33896.938528346
2023-10-28,34091.5890327294
2023-10-29,34574.3377206312
2023-10-30,34495.1050207481
2023-10-31,34636.4264736996
2023-11-01,35431.9794532437
2023-11-02,34882.9173366452
2023-11-03,34708.2218804792
2023-11-04,35091.0763062537
2023-11-05,35105.0420265926
2023-11-06,35017.7151484512
2023-11-07,35418.4768901227
2023-11-08,35797.8946090006
2023-11-09,36675.3264333723
2023-11-10,37367.4943722969
2023-11-11,36979.9312405026
2023-11-12,37053.3410514319
2023-11-13,36543.2680870836
2023-11-14,35590.6835645821
2023-11-15,37840.5534894798
2023-11-16,36160.4044509059
2023-11-17,36569.7120534775
2023-11-18,36577.4249617183
2023-11-19,37442.7285119813
2023-11-20,37516.0503708358
2023-11-21,36035.0330862069
2023-11-22,37403.0347168323
2023-11-23,37311.7192156634
2023-11-24,37718.7841630625
2023-11-25,37800.1260932203
2023-11-26,37482.7055260082
2023-11-27,37229.2452197545
2023-11-28,37828.4655911748
2023-11-29,37846.8531227352
2023-11-30,37712.7114789597
2023-12-01,38703.5536820573
2023-12-02,39462.2799272355
2023-12-03,39978.2226104617
2023-12-04,41910.2994815897
2023-12-05,44067.0054763296
2023-12-06,43745.8343907072
2023-12-07,43282.6182261835
2023-12-08,44205.0522089421
2023-12-09,43740.0063927528
2023-12-10,43732.7120900059
2023-12-11,41209.8947904734
2023-12-12,41467.2735698422
2023-12-13,42939.0607583285
2023-12-14,43033.1371560491
2023-12-15,41978.0970195792
2023-12-16,42203.2140450029
2023-12-17,41428.6657855056
2023-12-18,42635.7331911163
2023-12-19,42271.863025716
2023-12-20,43605.1555549386
2023-12-21,43870.2382340736
2023-12-22,44009.5016551724
2023-12-23,43768.8067518995
2023-12-24,43097.8093258329
2023-12-25,43623.7504029807
2023-12-26,42491.1229079486
2023-12-27,43436.9594269433
2023-12-28,42670.6797180012
2023-12-29,41998.6033442431
2023-12-30,42204.4917744009
2023-12-31,42217.1587913501
2024-01-01,44049.4735534775
2024-01-02,44941.160493571
2024-01-03,42773.6515423729
2024-01-04,44250.7452670953
2024-01-05,44146.3222022209
2024-01-06,43917.9798147282
2024-01-07,43844.195949737
2024-01-08,46981.3242995324
2024-01-09,46084.005795149
2024-01-10,46818.1592764465
2024-01-11,46380.8708082992
2024-01-12,42817.4305356517
2024-01-13,42846.9544699006
2024-01-14,41888.1513068381
2024-01-15,42528.9192489772
2024-01-16,43171.4472241379
2024-01-17,42689.304327294
2024-01-18,41261.9076177674
2024-01-19,41606.8535330216
2024-01-20,41668.6904102864
2024-01-21,41537.1123562244
2024-01-22,39577.0998603156
2024-01-23,39737.3143617767
2024-01-24,40101.8568980129
2024-01-25,39917.6611461134
2024-01-26,41860.7310458796
2024-01-27,42125.3014155465
2024-01-28,41983.0202744009
2024-01-29,43218.3470821157
2024-01-30,42950.0541277031
2024-01-31,42589.4708059614
2024-02-01,43020.3596548802
2024-02-02,43155.3852030976
2024-02-03,42982.3789979544
2024-02-04,42576.2913050847
2024-02-05,42619.2742738165
2024-02-06,43102.7062632963
2024-02-07,44253.0314731151
2024-02-08,45332.09157218
2024-02-09,47176.9665137347
2024-02-10,47792.8972156634
2024-02-11,48200.7986057861
2024-02-12,49989.80371654
2024-02-13,49628.0941528346
2024-02-14,51844.2929193454
2024-02-15,51939.1472919345
2024-02-16,52157.3123977206
2024-02-17,51674.8158521333
2024-02-18,52148.0645365283
2024-02-19,51804.8051537113
2024-02-20,52308.0531712449
2024-02-21,51744.321808007
2024-02-22,51292.3252574518
2024-02-23,50789.1431759205
2024-02-24,51578.2349164231
2024-02-25,51746.4789669784
2024-02-26,54551.8259184687
2024-02-27,57049.888220339
2024-02-28,62460.740619813
2024-02-29,61394.7818515488
2024-03-01,62524.401817066
2024-03-02,62049.6145637054
2024-03-03,62991.4422913501
2024-03-04,68091.8388243717
2024-03-05,63950.524329924
2024-03-06,66103.7215400351
2024-03-07,67070.3791484512
2024-03-08,68343.7149552893
2024-03-09,68502.5053392753
2024-03-10,68882.2513395675
2024-03-11,72198.0875341905
2024-03-12,71432.7283018702
2024-03-13,73081.5759053185
2024-03-14,71505.2729076563
2024-03-15,69424.9141753361
2024-03-16,65433.6819006429
2024-03-17,68285.0891691993
2024-03-18,67770.8865245471
2024-03-19,61969.3075394506
2024-03-20,67848.1076396844
2024-03-21,65454.7357232612
2024-03-22,63486.4849997078
2024-03-23,64361.2429047341
2024-03-24,67289.5658310929
2024-03-25,70042.0204237288
2024-03-26,70071.0472144945
2024-03-27,69267.8879815897
2024-03-28,70826.8968714202
2024-03-29,69917.0430070134
2024-03-30,69663.0119073641
2024-03-31,71227.4517939801
2024-04-01,69791.6277305669
2024-04-02,65533.7548351841
2024-04-03,66130.2162393337
2024-04-04,68438.135024547
2024-04-05,67904.9094766219
2024-04-06,69136.0710783168
2024-04-07,69392.6830108124
2024-04-08,71712.7972840444
2024-04-09,69074.5418638223
2024-04-10,70579.4456767972
2024-04-11,70046.5536057861
2024-04-12,67098.113691993
2024-04-13,64551.6482875512
2024-04-14,65648.8099602572
2024-04-15,63393.325166277
2024-04-16,63784.8203340152
2024-04-17,61324.2184286967
2024-04-18,63510.14500263
2024-04-19,63762.6310300994
2024-04-20,64907.9928366452
2024-04-21,64968.192619813
2024-04-22,66944.5960911748
2024-04-23,66385.3002919345
2024-04-24,64189.9679064874
2024-04-25,64515.3874725307
2024-04-26,63777.4715002922
2024-04-27,63429.3099649328
2024-04-28,62978.5770049678
2024-04-29,63908.3888766803
2024-04-30,60636.3261633548
2024-05-01,58141.7772799532
2024-05-02,59170.1088936295
2024-05-03,62983.6554783752
2024-05-04,63881.1305429573
2024-05-05,64067.5959918177
2024-05-06,63228.1031341321
2024-05-07,62396.999720339
2024-05-08,61079.27442782
2024-05-09,62998.4903381064
2024-05-10,60896.6418880772
2024-05-11,60843.5729240211
2024-05-12,61431.2746879018
2024-05-13,62886.9394491526
2024-05-14,61555.5670046756
2024-05-15,66281.5322542373
2024-05-16,65269.2603246639
2024-05-17,66956.4409476914
2024-05-18,66977.6006914085
2024-05-19,66259.4704260666
2024-05-20,71202.2025902981
2024-05-21,70217.2546914085
2024-05-22,69074.9141350088
2024-05-23,67758.7306586791
2024-05-24,68608.998279661
2024-05-25,69282.7925976037
2024-05-26,68445.0069532437
2024-05-27,69347.815260374
2024-05-28,68342.8204488603
2024-05-29,67584.2632402104
2024-05-30,68375.4760260082
2024-05-31,67377.7626122151
2024-06-01,67714.3526399766
2024-06-02,67805.4855742256
2024-06-03,68833.3028351841
2024-06-04,70554.0894330801
2024-06-05,71087.4433158971
2024-06-06,70788.5013755114
2024-06-07,69338.1573240795
2024-06-08,69310.1092618352
2024-06-09,69644.0190894214
2024-06-10,69465.9362478083
2024-06-11,67368.263506429
2024-06-12,68213.8346838106
2024-06-13,66783.4902767388
2024-06-14,65982.1865195792
2024-06-15,66204.904308007
2024-06-16,66622.5999336645
2024-06-17,66483.8785260082
2024-06-18,65112.1230020456
2024-06-19,64878.7141525424
2024-06-20,64897.7011542957
2024-06-21,64086.0489228521
2024-06-22,64258.135506429
2024-06-23,63345.0218760959
2024-06-24,60258.9554374635
2024-06-25,61739.6658477498
2024-06-26,60794.4760584454
2024-06-27,61569.9234275278
2024-06-28,60303.3147364115
2024-06-29,60889.3298430742
2024-06-30,62763.2796861485
2024-07-01,62835.3997647575
2024-07-02,62028.6170385739
2024-07-03,60216.3920859147
2024-07-04,57418.2420213326
2024-07-05,56720.9881256575
2024-07-06,58259.221773232
2024-07-07,56112.5725587376
2024-07-08,56691.9149061952
2024-07-09,57981.4320967271
2024-07-10,57722.0113527177
2024-07-11,57307.712738457
2024-07-12,57859.1202819988
2024-07-13,59329.0372016365
2024-07-14,61015.0339412624
2024-07-15,64734.7611697837
2024-07-16,65118.8266583869
2024-07-17,64201.3707805377
2024-07-18,63984.3022022209
2024-07-19,66755.7833828171
2024-07-20,67185.4978112215
2024-07-21,68056.6201215663
2024-07-22,67535.1976738749
2024-07-23,65916.4081616014
2024-07-24,65353.3857784921
2024-07-25,65722.0611917007
2024-07-26,67912.2433091759
2024-07-27,68077.3730812391
2024-07-28,68170.6691309176
2024-07-29,66867.167277031
2024-07-30,66186.9146861484
2024-07-31,64690.6340385739
2024-08-01,65178.0554891876
2024-08-02,61506.7698877849
2024-08-03,60688.2444272355
2024-08-04,58306.2644786675
2024-08-05,54343.6276773816
2024-08-06,56047.4712866744
2024-08-07,55129.7410376973
2024-08-08,61908.7896724138
2024-08-09,60720.9407594974
2024-08-10,60871.5550727645
2024-08-11,58836.1043722969
2024-08-12,59394.1629538282
2024-08-13,60536.2457846289
2024-08-14,58840.6466797195
2024-08-15,57644.1876879018
2024-08-16,58927.2765087668
2024-08-17,59414.6743351841
2024-08-18,58793.2061458212
2024-08-19,59411.5190169492
2024-08-20,59123.3002662186
2024-08-21,61133.0256493279
2024-08-22,60394.4737749854
2024-08-23,64106.8029152543
2024-08-24,64023.226703682
2024-08-25,64498.0183413209
2024-08-26,62983.4427729398
2024-08-27,59548.0076215663
2024-08-28,59100.7747548217
2024-08-29,59339.7909947399
2024-08-30,59142.9399640561
2024-08-31,58959.926273232
2024-09-01,57349.0807180012
2024-09-02,59159.0238877849
2024-09-03,57637.7754444769
2024-09-04,58033.3989704851
2024-09-05,56112.9529400935
2024-09-06,53838.9534623028
2024-09-07,54066.4399248977
2024-09-08,54859.2584082408
2024-09-09,57135.7814371712
2024-09-10,57664.4998214494
2024-09-11,57409.1950663355
2024-09-12,58124.6418065459
2024-09-13,60536.8814503215
2024-09-14,60007.1702507306
2024-09-15,59129.9197536528
2024-09-16,58227.46421654
2024-09-17,60238.2177255991
2024-09-18,61306.2337317358
2024-09-19,62994.6096528346
2024-09-20,63153.9518270018
2024-09-21,63367.7296078317
2024-09-22,63571.9521729983
2024-09-23,63336.0126347165
2024-09-24,64342.7891113384
2024-09-25,63059.6269167154
2024-09-26,65057.7861461134
2024-09-27,65767.7132542373
2024-09-28,65770.5276478667
2024-09-29,65617.7610689655
2024-09-30,63260.0425482174
2024-10-01,60858.2487086499
2024-10-02,60686.0993135593
2024-10-03,60765.2367498539
2024-10-04,62052.5100496785
2024-10-05,62030.4538977206
2024-10-06,62789.8814555815
2024-10-07,62416.508829924
2024-10-08,62126.3273769725
2024-10-09,60615.2581917008
2024-10-10,60221.1172869667
2024-10-11,62462.539962595
2024-10-12,63202.8806992987
2024-10-13,62759.431113384
2024-10-14,66089.7587410871
2024-10-15,66933.974833723
2024-10-16,67662.9534038574
2024-10-17,67337.9075482174
2024-10-18,68390.5375625365
2024-10-19,68357.8982963179
2024-10-20,69012.3532089421
2024-10-21,67440.4625058445
2024-10-22,67425.7553211572
2024-10-23,66647.2866642315
2024-10-24,68130.9948369374
2024-10-25,66261.5376861485
2024-10-26,67023.3399611338
2024-10-27,68000.1475008767
2024-10-28,69862.5205470485
2024-10-29,72678.7866201052
2024-10-30,72450.2843819404
2024-10-31,70367.0819576271
2024-11-01,69483.5830303916
2024-11-02,69241.6794865576
2024-11-03,68742.7546227352
2024-11-04,67779.0969795441
2024-11-05,69538.0241729982
2024-11-06,75696.0366192285
2024-11-07,75972.2955546464
2024-11-08,76507.4474012273
2024-11-09,76799.2527469316
2024-11-10,80409.2865666277
2024-11-11,88859.998448568
2024-11-12,88048.7488877849
2024-11-13,90369.3819693162
2024-11-14,87204.2569827586
2024-11-15,91139.0844427236
2024-11-16,90567.6957568673
2024-11-17,89732.9704292811
2024-11-18,90587.6965534775
2024-11-19,92254.1385800701
2024-11-20,94160.0406858562
2024-11-21,98545.5688798948
2024-11-22,98938.3495450029
2024-11-23,97707.0484590883
2024-11-24,97980.2082819988
2024-11-25,93343.0290745178
2024-11-26,91875.5699593805
2024-11-27,95989.0802273524
2024-11-28,95737.9402822911
2024-11-29,97398.9417399182
2024-11-30,96463.6248980129
2024-12-01,97469.6044529515
2024-12-02,95726.4417258913
2024-12-03,96010.8774228521
2024-12-04,98920.2528255406
2024-12-05,96949.6644117475
2024-12-06,99953.1056580947
2024-12-07,99977.7002282291
2024-12-08,100798.98356429
2024-12-09,97390.1988597311
2024-12-10,96835.5017387493
2024-12-11,101310.201899766
2024-12-12,100090.890479544
2024-12-13,101289.823976914
2024-12-14,101366.87166803
2024-12-15,104551.367141146
2024-12-16,105855.672229982
2024-12-17,106115.910582992
2024-12-18,100469.770656926
2024-12-19,97697.045779661
2024-12-20,97617.4422051432
2024-12-21,97093.0190832846
2024-12-22,95149.1058252484
2024-12-23,94800.7562060199
2024-12-24,98637.7330543542
2024-12-25,99235.3678869082
2024-12-26,95628.3030902981
2024-12-27,94219.9821461134
2024-12-28,95123.5811098773
2024-12-29,93457.5783202806
2024-12-30,92523.163085038
2024-12-31,93389.7326016949
2025-01-01,94455.7965718878
2025-01-02,96851.393682934
2025-01-03,98120.6846759205
2025-01-04,98230.0478571011
2025-01-05,98414.8120964348
2025-01-06,102179.560366745
2025-01-07,96974.9957857978
2025-01-08,95039.2809210988
2025-01-09,92346.1691589714
2025-01-10,94759.1196358854
2025-01-11,94606.5080099357
2025-01-12,94353.7752586207
2025-01-13,94375.7299102864
2025-01-14,96569.475726768
2025-01-15,100172.405985096
2025-01-16,99977.7298234951
2025-01-17,104296.588034191
2025-01-18,104398.156261251
2025-01-19,100954.572281999
2025-01-20,102588.998699006
2025-01-21,105987.888705435
2025-01-22,103791.128861485
2025-01-23,104184.616743717
2025-01-24,104716.12488194
2025-01-25,104866.085348919
2025-01-26,102833.369273232
2025-01-27,101907.44629661
2025-01-28,101138.144066043
2025-01-29,103918.795458796
2025-01-30,104987.446410871
2025-01-31,102263.043670953
2025-02-01,100610.290439801
2025-02-02,97424.7809000584
2025-02-03,101582.408702221
2025-02-04,97848.1497592051
2025-02-05,96559.3327562829
2025-02-06,96541.3006811806
2025-02-07,96384.1109836353
2025-02-08,96603.318157218
2025-02-09,96309.7532405026
2025-02-10,97375.2253535944
2025-02-11,95806.2580385739
2025-02-12,97756.4976548802
2025-02-13,96534.7406332554
2025-02-14,97414.3589821742
2025-02-15,97583.2431767972
2025-02-16,96182.2661706604
2025-02-17,95790.5109985389
2025-02-18,95444.031886616
2025-02-19,96647.9132977791
2025-02-20,98392.2197247224
2025-02-21,96048.9937247224
2025-02-22,96605.7091057861
2025-02-23,96091.6329774985
2025-02-24,91869.6543430742
2025-02-25,88769.7356265342
2025-02-26,83987.89564173
2025-02-27,84625.4191364699
2025-02-28,84243.7779114553
2025-03-01,85844.3685628288
2025-03-02,94328.0094444769
2025-03-03,86315.9305511397
2025-03-04,87323.690650789
2025-03-05,90619.4090976038
2025-03-06,90222.0693275862
2025-03-07,86553.5921937464
2025-03-08,86171.2789362946
2025-03-09,80647.7964108709
2025-03-10,79005.9601291642
2025-03-11,82747.1601917008
2025-03-12,83630.1581101695
2025-03-13,81110.2890490941
2025-03-14,84105.8335517241
2025-03-15,84352.8773018703
2025-03-16,82492.1028287551
2025-03-17,84013.947518118
2025-03-18,82680.8065514319
2025-03-19,86774.23507218
2025-03-20,84124.9712878434
2025-03-21,84069.4081800117
2025-03-22,83821.220305377
2025-03-23,85760.8814506137
2025-03-24,87322.5718568089
2025-03-25,87422.8426084161
2025-03-26,86836.6760955582
2025-03-27,87211.3240169492
2025-03-28,84309.0783550555
2025-03-29,82497.1792472238
2025-03-30,82216.4666765049
2025-03-31,82461.4496279953
2025-04-01,85226.7137936879
2025-04-02,82555.631296318
2025-04-03,82931.697399474
2025-04-04,83774.1797375804
2025-04-05,83302.1715756867
2025-04-06,77949.0884926943
2025-04-07,79421.8044105786
2025-04-08,76351.4295303916
2025-04-09,82720.6034891876
2025-04-10,79558.9558252484
2025-04-11,83359.8995157802
2025-04-12,85269.2495119813
2025-04-13,83568.9544360023
2025-04-14,84589.0324135009
2025-04-15,83671.3439713618
2025-04-16,84151.5357562829
2025-04-17,84940.5838538866
2025-04-18,84434.7727463472
2025-04-19,85124.721496201
2025-04-20,85101.7461545879
2025-04-21,87360.7198933372
2025-04-22,93495.6106890707
2025-04-23,93695.7404772063
2025-04-24,93849.8817790766
2025-04-25,94771.4128007014
2025-04-26,94694.5111014027
2025-04-27,93812.876534775
2025-04-28,95066.0211867329
2025-04-29,94102.8403024547
2025-04-30,94236.7325143191
2025-05-01,96411.7422635885
2025-05-02,96842.1021057861
2025-05-03,95943.61135301
2025-05-04,94377.7899196376
2025-05-05,94853.7298594389
2025-05-06,96677.9245029223
2025-05-07,97137.3757086499
2025-05-08,103069.539295733
2025-05-09,102940.802949445
2025-05-10,104582.821806254
2025-05-11,103976.137798948
2025-05-12,102920.074689071
2025-05-13,104145.711825248
2025-05-14,103572.719642022
2025-05-15,103716.283947399
2025-05-16,103566.269191116
2025-05-17,103190.041364991
2025-05-18,106015.689848919
2025-05-19,105615.828960257
2025-05-20,106893.330247516
2025-05-21,109704.855619521
2025-05-22,111477.014787843
2025-05-23,107291.888969901
2025-05-24,107917.328289304
2025-05-25,108914.876558445
2025-05-26,109371.985172122
2025-05-27,109066.345636762
2025-05-28,107895.402399474
2025-05-29,105732.957892168
2025-05-30,103981.302957919
2025-05-31,104708.964150205
2025-06-01,105750.15972443
2025-06-02,105899.696926651
2025-06-03,105483.98555114
2025-06-04,104782.844900351
2025-06-05,101669.190496785
2025-06-06,104421.051549094
2025-06-07,105685.250402104
2025-06-08,105727.739632379
2025-06-09,110198.15871391
2025-06-10,110074.119081824
2025-06-11,108645.785558153
2025-06-12,105998.985830801
2025-06-13,106024.822087376
2025-06-14,105467.108742256
2025-06-15,105512.797437756
2025-06-16,107243.933345997
2025-06-17,104628.396527469
2025-06-18,104813.367028638
2025-06-19,104709.720767095
2025-06-20,103274.958839567
2025-06-21,101548.196381648
2025-06-22,100899.234151958
2025-06-23,105496.947495324
2025-06-24,105964.065136762
2025-06-25,107305.065199591
2025-06-26,107012.822824079
2025-06-27,107090.95905114
2025-06-28,107357.617171245
2025-06-29,108360.901696376
2025-06-30,107153.101135885
2025-07-01,105566.356597896
2025-07-02,108927.13451841
2025-07-03,109632.159126826
2025-07-04,108081.395758621
2025-07-05,108244.788813852
2025-07-06,109180.005545587
2025-07-07,108249.401004091
2025-07-08,108956.631703098
2025-07-09,111416.806720047
2025-07-10,115873.903783752
2025-07-11,117618.605087084
2025-07-12,117382.372540912
2025-07-13,118899.737107832
2025-07-14,119871.096197838
2025-07-15,117710.89100789
2025-07-16,118730.187791642
2025-07-17,119501.663770894
2025-07-18,117958.511213033
2025-07-19,117908.52473232
2025-07-20,117305.680953828
2025-07-21,117432.435634717
2025-07-22,120068.00578872
2025-07-23,118650.587165693
2025-07-24,118377.081936879
2025-07-25,117520.17335038
2025-07-26,117983.204598773
2025-07-27,119438.164235535
2025-07-28,118022.637320281
2025-07-29,117871.370895383
2025-07-30,117732.643660725
2025-07-31,115848.339985096
2025-08-01,113282.144336061
2025-08-02,112545.673659264
2025-08-03,114263.693947691
2025-08-04,115199.933659264
2025-08-05,114111.36101841
2025-08-06,115034.678748977
2025-08-07,117444.913924313
2025-08-08,116740.687720923
2025-08-09,116511.655739375
2025-08-10,119189.198160275
2025-08-11,118742.043048644
2025-08-12,120154.32493507
2025-08-13,123442.67982225
2025-08-14,118510.27128083
2025-08-15,117311.209947715
2025-08-16,117462.42684623
2025-08-17,117601.952231888
2025-08-18,116312.914397989
2025-08-19,112886.10147543
2025-08-20,114277.320860316
2025-08-21,112347.102298302
2025-08-22,116800.977035073
2025-08-23,115280.444723834
2025-08-24,113516.122474401
2025-08-25,110089.533314144
2025-08-26,111895.295495307
2025-08-27,111252.307236061
2025-08-28,112481.152904109
2025-08-29,108473.330441642
2025-08-30,108746.150824851
2025-08-31,108316.44689481
2025-09-01,108992.324614863
2025-09-02,111140.947159836
2025-09-03,111780.743587376
2025-09-04,110900.633412981
2025-09-05,110711.229484804
2025-09-06,110243.650741672
2025-09-07,111307.784421087
2025-09-08,112112.311575102
2025-09-09,111486.396779836
2025-09-10,113930.748423437
2025-09-11,115445.812932648
2025-09-12,116149.174031958
2025-09-13,115965.627551268
2025-09-14,115395.933423437
2025-09-15,115420.931814144
2025-09-16,116798.867050906
2025-09-17,116575.777628866
2025-09-18,117014.426762174
2025-09-19,115612.372541695
2025-09-20,115753.165960549
2025-09-21,115320.858829047
2025-09-22,112727.70773813
2025-09-23,112052.393282022
2025-09-24,113324.623592192
2025-09-25,109166.347974874
2025-09-26,109669.102166861
2025-09-27,109644.73069287
2025-09-28,112170.00778609
2025-09-29,114341.141435418
2025-09-30,113971.742796902
2025-10-01,118393.270386324
2025-10-02,120558.594007013
2025-10-03,122348.127640269
2025-10-04,122379.744317651
2025-10-05,123523.768313852
2025-10-06,124824.453666861
2025-10-07,121587.699236704
2025-10-08,123390.353094682
2025-10-09,121603.33278609
2025-10-10,113754.852328171
2025-10-11,110940.113648159
2025-10-12,115152.917045003
2025-10-13,115332.252929573
2025-10-14,113327.079410286
2025-10-15,110862.872485389
2025-10-16,108135.049605786
2025-10-17,106625.668651373
2025-10-18,107143.913935126
2025-10-19,108706.663763881
2025-10-20,110640.249515488
2025-10-21,108700.382071888
2025-10-22,107667.630188486
2025-10-23,110060.936797195
2025-10-24,111024.94314699
2025-10-25,111614.535857686
2025-10-26,114557.100460549
2025-10-27,114087.773805085
2025-10-28,112980.685846289
2025-10-29,110206.347983051
2025-10-30,108019.723841905
2025-10-31,109554.239627703
2025-11-01,110005.295855348
2025-11-02,110389.168627119
2025-11-03,106495.802789889
2025-11-04,101349.73723232
2025-11-05,103915.88479135
2025-11-06,101241.573677966
2025-11-07,103428.471746932
2025-11-08,102335.021439217
2025-11-09,104685.54544097
2025-11-10,106082.478156926
2025-11-11,102974.405611631
2025-11-12,101682.126652835
2025-11-13,100035.310145237
2025-11-14,94502.5476025716
2025-11-15,95541.3158389831
2025-11-16,94182.3130996493
2025-11-17,91911.4713471654
2025-11-18,92836.4419111631
2025-11-19,91320.4811332554
2025-11-20,86911.2980590298
2025-11-21,84948.0463205727
2025-11-22,84775.0015452952
2025-11-23,86872.4546630625
2025-11-24,88377.6024421391
2025-11-25,87434.550610754
2025-11-26,90449.2770675044
2025-11-27,91336.2000452952
2025-11-28,90990.1266104617
2025-11-29,90842.0738243717
2025-11-30,90607.7021513735
2025-12-01,86504.6368156049
2025-12-02,91528.0245809468
2025-12-03,93609.0938658679
2025-12-04,92205.5929544126
2025-12-05,89279.8344634717
2025-12-06,89169.5570610754
2025-12-07,90067.847399474
2025-12-08,90673.1444436003
2025-12-09,92808.8518477498
2025-12-10,92102.9300917592
2025-12-11,92623.7198708358
2025-12-12,90331.6083091759
2025-12-13,90245.267264173
2025-12-14,88096.3826142607
2025-12-15,86352.5802565751
2025-12-16,87752.4290336061
2025-12-17,86059.5522241379
2025-12-18,85434.1928673291
2025-12-19,88168.0738325541
2025-12-20,88292.4536373466
2025-12-21,88533.4309830508
2025-12-22,88474.4622331969
2025-12-23,87365.9937872589
2025-12-24,87625.6707895967
2025-12-25,87231.3047685564
2025-12-26,87334.8077808299
2025-12-27,87695.4159076564
2025-12-28,87747.6491548802
2025-12-29,87133.5103991818
2025-12-30,88428.4922735243
2025-12-31,87516.9780376972
2026-01-01,88684.2178474576
2026-01-02,89940.1801671537
2026-01-03,90598.1301832262
2026-01-04,91359.7636823495
2026-01-05,93948.5821794272
2026-01-06,93574.2871122151
2026-01-07,91208.9562606663
2026-01-08,91096.9161554647
2026-01-09,90539.6032288136
2026-01-10,90406.1424114553
2026-01-11,90717.2063153127
2026-01-12,91141.1498489188
2026-01-13,95304.4982942724
2026-01-14,97043.9927258913
2026-01-15,95546.1397381648
2026-01-16,95489.1299602572
2026-01-17,95106.980462595
2026-01-18,94261.3294313267
2026-01-19,92526.2419643483
2026-01-20,88236.5631922852
2026-01-21,89599.361874927
2026-01-22,89395.700735827
2026-01-23,89439.7718909994
2026-01-24,89185.0386990064
2026-01-25,86445.6705926359
2026-01-26,88337.4545511397
2026-01-27,89260.3805397429
2026-01-28,89177.7892507306
2026-01-29,84520.3973106371
2026-01-30,84017.0340292227
2026-01-31,78702.38550263
2026-02-01,76911.0523772648
2026-02-02,78716.6018088837
2026-02-03,75684.7660277616
2026-02-04,73095.1914646406
2026-02-05,63494.6884456458
2026-02-06,70647.6982188778
2026-02-07,69166.2594424313
2026-02-08,70522.5892393337
2026-02-09,70244.1017773232
2026-02-10,68688.793113384
2026-02-11,66989.7165920514
2026-02-12,66221.5443115137
2026-02-13,68860.8411633548
2026-02-14,69798.0791253653
