date,open,high,low,close,volume,quote_volume
2024-04-28,3252.63,3355.9,3250.0,3262.02,7973.17094111,26008643.073319644
2024-04-29,3262.03,3285.23,3113.7,3216.18,12463.30004485,40084216.33824568
2024-04-30,3216.09,3247.51,2916.57,3010.62,22271.46579808,67050920.36101561
2024-05-01,3010.62,3020.14,2813.8,2970.02,24577.66018931,72996142.31545448
2024-05-02,2970.01,3014.8,2892.78,2987.85,12692.40264674,37922995.2480621
2024-05-03,2987.86,3126.36,2958.64,3104.77,18702.10634519,58065738.71735556
2024-05-04,3105.13,3165.24,3093.28,3117.78,5968.44944914,18608312.32353971
2024-05-05,3118.06,3168.98,3077.0,3137.54,5521.06994963,17322577.809762113
2024-05-06,3137.54,3217.66,3046.88,3063.02,10961.81018,33576243.8175436
2024-05-07,3063.07,3127.99,3002.72,3005.14,8263.70870168,24833601.567766637
2024-05-08,3005.14,3036.42,2936.51,2972.86,11830.76973611,35171222.11769198
2024-05-09,2972.87,3056.24,2951.0,3036.25,5743.88656896,17439875.5950048
2024-05-10,3036.25,3051.35,2880.05,2909.56,11961.91200156,34803900.68325891
2024-05-11,2909.56,2941.91,2886.85,2910.11,4898.98753681,14256592.62074615
2024-05-12,2910.11,2951.99,2901.78,2929.17,5748.03558256,16836973.387367275
2024-05-13,2929.18,2992.0,2864.01,2948.99,15223.00830421,44892499.25903224
2024-05-14,2948.99,2957.51,2860.08,2881.49,12259.36076064,35325225.43817655
2024-05-15,2881.49,3039.95,2864.75,3033.23,11832.26237316,35889973.19814011
2024-05-16,3033.21,3040.93,2925.59,2944.48,17722.57118167,52183756.39300368
2024-05-17,2944.48,3120.0,2934.12,3093.54,15252.95913425,47185639.20016775
2024-05-18,3093.54,3144.67,3087.13,3121.37,5085.44001575,15873539.901961578
2024-05-19,3121.37,3134.0,3055.7,3071.79,4127.58116941,12679062.560381943
2024-05-20,3071.79,3690.83,3050.0,3661.3,42651.59066036,156160268.8847761
2024-05-21,3661.31,3838.0,3628.01,3789.23,42727.99545004,161906202.19915506
2024-05-22,3789.32,3810.0,3655.0,3736.82,31332.13453289,117082546.96519402
2024-05-23,3736.82,3943.11,3530.0,3780.86,67176.72972467,253985810.34681585
2024-05-24,3780.87,3826.16,3630.87,3726.37,24414.53014335,90977572.69027512
2024-05-25,3726.37,3774.39,3707.98,3749.32,5102.14510268,19129574.676380176
2024-05-26,3749.32,3879.9,3732.5,3824.85,19213.31701914,73488055.60065763
2024-05-27,3824.85,3973.73,3824.25,3892.1,20148.77990832,78421066.28117228
2024-05-28,3892.1,3924.15,3771.37,3839.98,14779.32407273,56752308.85280175
2024-05-29,3839.99,3879.9,3742.21,3762.39,11221.44033831,42219434.91445416
2024-05-30,3762.23,3821.64,3702.0,3746.05,10603.59363636,39721591.94148638
2024-05-31,3746.91,3843.01,3722.19,3758.2,12337.17055491,46365554.37946276
2024-06-01,3758.37,3827.06,3750.16,3813.41,3398.87768055,12961314.135786176
2024-06-02,3812.84,3834.36,3753.18,3779.48,3676.85738614,13896608.953768408
2024-06-03,3778.7,3849.01,3758.64,3765.89,12170.45437634,45832592.43131504
2024-06-04,3766.08,3831.45,3728.77,3813.01,12726.19283652,48525100.54757913
2024-06-05,3813.02,3884.42,3778.75,3866.35,9455.78364816,36559369.108063415
2024-06-06,3866.36,3875.99,3760.0,3811.83,8554.14518848,32606947.253803723
2024-06-07,3811.83,3838.09,3574.89,3676.69,16099.72069613,59193682.08625421
2024-06-08,3676.88,3706.74,3657.39,3680.04,5592.04736657,20578957.990872264
2024-06-09,3680.21,3719.73,3665.53,3705.8,3530.97308769,13085080.068361605
2024-06-10,3705.8,3710.0,3640.0,3664.38,7890.38050272,28913352.506557114
2024-06-11,3664.38,3668.45,3430.48,3497.85,21090.37940866,73770983.61458138
2024-06-12,3497.02,3655.47,3464.12,3559.28,18476.11561094,65761668.77170653
2024-06-13,3559.26,3559.26,3428.75,3468.9,11377.88342119,39468739.79976599
2024-06-14,3468.9,3529.49,3364.01,3480.1,15806.67821475,55008820.855151474
2024-06-15,3480.11,3592.0,3473.88,3564.36,8701.12570213,31013944.40764409
2024-06-16,3564.36,3649.99,3542.03,3620.19,4671.76635326,16912681.83440832
2024-06-17,3620.93,3634.61,3465.0,3511.23,16336.43499634,57360980.652198896
2024-06-18,3511.23,3513.81,3350.0,3481.86,22926.06146939,79825336.38781026
2024-06-19,3482.11,3586.45,3465.69,3557.63,22822.50463694,81194027.17151685
2024-06-20,3557.63,3620.0,3482.61,3511.96,15116.00991145,53086822.168615945
2024-06-21,3511.96,3543.6,3443.9,3517.25,17459.77504219,61410393.76714277
2024-06-22,3517.08,3519.5,3476.0,3495.55,6121.83428568,21399177.837308723
2024-06-23,3494.48,3519.43,3408.0,3418.34,4084.72521579,13962979.59414359
2024-06-24,3418.35,3429.73,3230.0,3350.33,18971.64087155,63561257.56118011
2024-06-25,3350.82,3426.91,3334.93,3394.93,8349.80348916,28346998.35945396
2024-06-26,3394.93,3424.85,3328.14,3367.66,9064.78574042,30527116.34658282
2024-06-27,3367.67,3470.72,3362.0,3445.39,12731.92628949,43866451.51854595
2024-06-28,3445.4,3482.0,3362.0,3374.22,8524.46131393,28763407.854688883
2024-06-29,3374.23,3400.0,3366.7,3372.93,2834.96876985,9562151.21289016
2024-06-30,3372.93,3451.84,3350.0,3432.23,4020.66676248,13799853.08218673
2024-07-01,3432.23,3516.66,3422.08,3438.36,9122.53113764,31366546.162415877
2024-07-02,3438.32,3458.72,3398.39,3415.81,6470.74606226,22102839.10692833
2024-07-03,3415.81,3426.49,3250.59,3292.88,11308.8258557,37238606.48371742
2024-07-04,3292.89,3307.71,3052.75,3057.47,13675.36775548,41812026.65134743
2024-07-05,3057.57,3105.65,2811.35,2981.95,28134.04759712,83894323.23223197
2024-07-06,2981.79,3080.02,2956.05,3068.53,5136.01509979,15760016.41415861
2024-07-07,3067.56,3072.65,2922.08,2929.7,8410.58025838,24640476.98297588
2024-07-08,2929.71,3093.18,2825.01,3017.22,11056.87750181,33361031.93601117
2024-07-09,3017.22,3110.84,3004.88,3066.5,7492.21485044,22974876.83887426
2024-07-10,3066.5,3149.45,3024.37,3102.21,8031.91731765,24916694.221987005
2024-07-11,3102.21,3213.77,3055.66,3098.64,10765.89669362,33359638.130718675
2024-07-12,3098.64,3155.44,3048.46,3133.65,8803.82690924,27588112.194139928
2024-07-13,3133.83,3200.1,3115.0,3177.16,5489.94202839,17442424.21491957
2024-07-14,3176.66,3266.29,3166.31,3246.69,9525.15863338,30925237.283408515
2024-07-15,3246.35,3493.29,3235.03,3486.35,17811.86230073,62098386.13215004
2024-07-16,3486.38,3497.51,3350.0,3442.5,13355.43088788,45976070.8315269
2024-07-17,3442.99,3516.04,3376.5,3387.54,10507.35176392,35594074.39434955
2024-07-18,3387.46,3487.04,3369.35,3425.49,9556.92147693,32737138.950008944
2024-07-19,3425.49,3540.89,3378.0,3505.15,11871.37776295,41610959.765804194
2024-07-20,3505.52,3538.73,3482.33,3518.62,4950.85700919,17420184.489676118
2024-07-21,3518.01,3545.0,3412.19,3534.56,9450.2688395,33402542.22934312
2024-07-22,3534.57,3563.21,3427.0,3440.38,9559.18997461,32887246.00484876
2024-07-23,3441.07,3540.34,3390.5,3480.96,17035.97678868,59301553.762323536
2024-07-24,3480.97,3485.4,3302.0,3336.11,12705.32213049,42386352.212749
2024-07-25,3336.11,3340.26,3087.72,3173.35,17307.32391661,54922196.35077434
2024-07-26,3173.35,3286.07,3171.12,3275.76,10841.05138656,35512682.49003779
2024-07-27,3274.94,3327.57,3195.0,3249.22,7581.06151351,24632536.69092696
2024-07-28,3249.23,3281.83,3201.5,3270.02,2495.53215923,8160440.071325285
2024-07-29,3269.63,3395.0,3258.44,3319.69,10505.85483893,34876181.25024753
2024-07-30,3318.82,3362.85,3231.43,3278.39,7996.18879507,26214625.383869536
2024-07-31,3278.39,3347.76,3215.64,3230.87,11758.84202921,37991289.94691371
2024-08-01,3231.38,3240.15,3079.55,3201.93,11089.0993965,35506520.030635245
2024-08-02,3201.94,3214.79,2966.0,2985.96,15305.03242714,45700214.62614296
2024-08-03,2985.96,3013.47,2859.29,2902.03,13236.52230617,38412784.82817453
2024-08-04,2902.2,2931.9,2628.0,2687.17,17392.66031609,46737035.02158757
2024-08-05,2687.18,2694.76,1911.81,2417.54,96378.57354593,232999056.69022763
2024-08-06,2419.84,2555.15,2416.6,2461.39,21694.55293262,53398755.64282154
2024-08-07,2462.53,2552.41,2311.07,2343.07,18968.43861717,44444379.47073251
2024-08-08,2343.4,2722.73,2321.71,2685.81,24186.70188655,64960885.793914855
2024-08-09,2685.28,2706.4,2555.01,2600.02,13699.81865425,35619802.49742309
2024-08-10,2600.19,2644.37,2578.89,2609.2,2650.34077042,6915269.138179863
2024-08-11,2609.21,2719.11,2539.84,2553.06,8524.6158302,21763855.691450413
2024-08-12,2555.79,2748.86,2511.0,2723.29,16078.54920928,43786552.27614013
2024-08-13,2722.95,2737.19,2613.58,2703.0,13591.89738249,36738898.62487047
2024-08-14,2703.01,2778.99,2635.0,2664.15,12943.8511961,34484361.164089814
2024-08-15,2664.16,2675.11,2514.38,2570.08,18533.09183518,47631528.66375941
2024-08-16,2570.09,2631.6,2550.93,2593.43,14129.17162308,36643017.56244436
2024-08-17,2593.5,2626.09,2588.86,2613.74,3296.78637741,8616942.426091613
2024-08-18,2613.74,2685.35,2596.75,2612.65,8207.72502268,21443912.780504905
2024-08-19,2612.7,2646.46,2561.87,2637.92,8211.84501836,21662190.21083221
2024-08-20,2637.86,2695.07,2557.06,2573.45,6711.07839401,17270624.693065032
2024-08-21,2573.05,2662.7,2536.68,2629.76,10084.80126897,26520606.985086557
2024-08-22,2629.77,2644.94,2586.27,2623.19,6319.95158198,16578433.790334117
2024-08-23,2623.19,2800.0,2623.18,2764.61,11729.34541452,32427065.626436137
2024-08-24,2764.88,2820.53,2733.71,2769.76,9276.52495903,25693747.770522937
2024-08-25,2769.77,2792.86,2735.83,2747.0,4038.87037911,11094776.93141517
2024-08-26,2747.01,2761.38,2669.69,2681.1,8612.93163115,23092130.996276267
2024-08-27,2681.11,2700.18,2394.0,2458.44,15315.79276507,37652957.56535869
2024-08-28,2458.44,2553.69,2421.0,2528.36,19865.13388895,50226209.91946562
2024-08-29,2528.37,2596.82,2505.87,2528.61,9562.55658006,24179976.19390552
2024-08-30,2528.62,2551.74,2431.12,2526.84,15217.04057393,38451026.80382928
2024-08-31,2526.84,2533.33,2493.08,2512.79,2493.48370007,6265600.906698895
2024-09-01,2512.65,2514.58,2401.0,2427.5,17572.94300297,42658319.13970968
2024-09-02,2427.51,2564.36,2424.61,2538.48,10960.41814638,27822802.256222703
2024-09-03,2538.49,2551.53,2414.3,2422.26,10101.29416108,24467960.794617645
2024-09-04,2424.81,2488.55,2308.0,2450.08,15896.27490611,38947145.22196199
2024-09-05,2450.4,2465.48,2347.6,2368.47,8336.76045531,19745367.035588074
2024-09-06,2368.17,2406.23,2150.0,2224.45,24793.74641602,55152449.21511568
2024-09-07,2224.45,2309.57,2222.0,2273.1,10158.32377342,23090885.769361
2024-09-08,2273.11,2333.02,2242.87,2296.92,5762.0483519,13234964.100446148
2024-09-09,2297.31,2380.0,2274.57,2359.08,10166.24451566,23982984.112003192
2024-09-10,2359.08,2398.0,2321.78,2387.78,6679.17892847,15948409.861822098
2024-09-11,2387.78,2389.3,2278.81,2339.99,9148.13407412,21406542.252100054
2024-09-12,2340.0,2390.0,2315.98,2361.34,6591.83086741,15565553.90044993
2024-09-13,2361.34,2465.0,2338.17,2440.89,8555.96802353,20884176.788954142
2024-09-14,2441.43,2442.15,2381.0,2416.99,10018.42273076,24214427.556019608
2024-09-15,2417.0,2429.52,2286.06,2316.87,3905.95695876,9049594.49904228
2024-09-16,2316.26,2333.53,2253.06,2295.03,8896.80118591,20418425.625699032
2024-09-17,2295.03,2392.12,2262.99,2341.69,8919.5689853,20886865.49718716
2024-09-18,2341.69,2374.85,2277.26,2374.75,10610.49035551,25197261.971747376
2024-09-19,2374.47,2493.44,2374.09,2464.52,17506.74997719,43145735.4537843
2024-09-20,2464.52,2570.3,2437.9,2561.44,18766.28708682,48068718.39566422
2024-09-21,2561.6,2623.53,2530.01,2615.0,22753.50648389,59500419.45537235
2024-09-22,2615.01,2633.03,2528.08,2581.99,25518.64134239,65888876.75963756
2024-09-23,2582.0,2701.15,2541.35,2646.91,35172.38885486,93098147.78381748
2024-09-24,2647.16,2669.98,2592.47,2653.13,12109.0493082,32126881.991064664
2024-09-25,2653.14,2672.53,2554.51,2580.05,8222.41470536,21214241.06056407
2024-09-26,2579.15,2664.49,2559.6,2632.14,9422.33447424,24800903.463026077
2024-09-27,2632.14,2728.44,2617.2,2695.01,10495.39831393,28285203.41002449
2024-09-28,2695.01,2702.63,2650.66,2678.61,5321.16863577,14253335.51945988
2024-09-29,2675.74,2683.66,2635.5,2657.89,5689.95466805,15123273.612663412
2024-09-30,2658.03,2662.14,2575.4,2602.97,8302.72305578,21611739.032503664
2024-10-01,2602.42,2656.03,2413.97,2448.27,20433.23534175,50026077.09014627
2024-10-02,2447.38,2498.17,2352.33,2363.93,12628.53229529,29852966.348804887
2024-10-03,2363.92,2402.24,2311.08,2349.46,6348.24378665,14914944.84698271
2024-10-04,2349.46,2439.0,2339.6,2414.51,9910.18167761,23928232.76240613
2024-10-05,2414.59,2428.2,2391.0,2414.78,4111.84753101,9929207.18093233
2024-10-06,2414.76,2455.05,2407.22,2440.03,5419.17600266,13222952.021770485
2024-10-07,2439.82,2519.0,2405.01,2422.1,13521.5496998,32750545.52788558
2024-10-08,2422.27,2462.83,2401.2,2439.22,6535.60834425,15941786.585461484
2024-10-09,2439.23,2471.13,2350.83,2366.78,6980.24855646,16520712.6784584
2024-10-10,2366.79,2416.23,2329.07,2383.76,10618.85609124,25312804.396054268
2024-10-11,2383.97,2469.98,2380.5,2436.86,6405.23972872,15608672.48532862
2024-10-12,2436.87,2488.34,2433.52,2477.11,5363.24307756,13285343.05985465
2024-10-13,2477.11,2482.23,2436.06,2466.4,6924.25559948,17077984.010557473
2024-10-14,2466.4,2650.0,2442.47,2628.13,13642.49551434,35854251.73610239
2024-10-15,2628.14,2684.97,2538.0,2605.99,14943.61468592,38942910.435360655
2024-10-16,2605.99,2644.31,2589.36,2610.42,9084.05010588,23713186.07739127
2024-10-17,2610.43,2646.75,2576.01,2603.04,5990.24615467,15592850.350452196
2024-10-18,2603.05,2673.41,2595.53,2641.79,9171.54260113,24229289.528239224
2024-10-19,2641.79,2660.99,2630.99,2648.53,1715.12505085,4542560.15092775
2024-10-20,2648.53,2756.35,2635.22,2745.32,9009.9964662,24735323.498588186
2024-10-21,2745.33,2765.98,2656.61,2665.78,10285.41903824,27418664.36375943
2024-10-22,2665.78,2670.0,2605.57,2618.99,10716.22471274,28065685.36041893
2024-10-23,2618.99,2624.11,2445.86,2523.56,10395.38099713,26233367.66911738
2024-10-24,2523.57,2558.0,2506.13,2534.07,7382.40051698,18707519.67806351
2024-10-25,2534.23,2562.34,2379.82,2436.72,14622.96341449,35632067.41135607
2024-10-26,2436.73,2502.82,2427.61,2478.86,8984.90587036,22272323.76580059
2024-10-27,2478.87,2522.03,2462.49,2505.42,8143.44768851,20402756.70774673
2024-10-28,2505.42,2590.0,2470.37,2564.97,24682.31945481,63309408.932004
2024-10-29,2564.97,2680.0,2560.0,2636.08,31063.37398671,81885538.8988865
2024-10-30,2636.09,2719.3,2594.97,2656.19,14019.85246324,37239391.914333455
2024-10-31,2656.2,2666.3,2500.97,2515.07,9461.35526235,23795970.779678617
2024-11-01,2515.09,2582.98,2465.47,2512.19,15913.89051429,39978716.6110942
2024-11-02,2512.19,2520.07,2470.69,2491.03,7076.79370887,17628505.432606436
2024-11-03,2491.78,2494.38,2411.88,2455.53,13563.17589015,33304785.29354003
2024-11-04,2455.54,2487.67,2357.77,2395.92,10987.46331593,26325083.107903004
2024-11-05,2395.92,2478.28,2379.9,2422.26,12245.98320682,29662955.28255181
2024-11-06,2422.26,2746.07,2421.56,2723.26,33314.8654034,90725040.3584631
2024-11-07,2723.26,2919.01,2701.38,2896.87,25284.36024055,73245504.65004207
2024-11-08,2896.95,2984.21,2889.29,2962.95,24964.20014945,73967676.83281288
2024-11-09,2963.1,3157.2,2957.24,3129.5,24026.7700887,75191776.99258664
2024-11-10,3128.19,3249.64,3070.82,3186.05,36672.83164995,116841475.2783232
2024-11-11,3186.18,3390.87,3108.67,3375.78,44592.90884882,150535849.83366957
2024-11-12,3375.76,3443.97,3208.13,3248.11,38576.85720388,125301875.65249468
2024-11-13,3247.87,3340.17,3122.24,3190.95,26257.44240136,83786185.8306197
2024-11-14,3191.47,3241.47,3031.47,3059.32,24270.44099623,74251045.54858637
2024-11-15,3059.55,3130.32,3015.98,3090.47,15814.78802707,48875127.95401903
2024-11-16,3090.48,3218.81,3075.0,3133.41,11598.28805158,36342191.76370129
2024-11-17,3133.66,3160.6,3038.53,3075.21,9933.0625243,30546253.2053526
2024-11-18,3075.21,3224.82,3051.95,3210.32,19573.62843733,62837610.84492925
2024-11-19,3209.5,3223.32,3069.47,3110.92,14244.07826118,44312187.94427009
2024-11-20,3111.78,3159.9,3033.9,3072.09,12058.71046643,37045443.83681494
2024-11-21,3072.07,3387.65,3036.0,3360.9,38093.33593934,128027892.75852782
2024-11-22,3360.9,3427.98,3261.11,3331.54,26226.08428019,87373248.8228242
2024-11-23,3332.12,3499.0,3318.18,3397.28,36034.97990308,122420916.52513562
2024-11-24,3397.44,3451.0,3288.0,3364.84,16030.12625862,53938810.04005492
2024-11-25,3364.53,3545.69,3305.12,3413.65,42966.56496076,146672814.47829837
2024-11-26,3413.65,3459.47,3254.78,3323.32,20877.38539144,69382232.41908038
2024-11-27,3323.34,3688.0,3302.49,3657.55,40846.83247125,149399332.10522047
2024-11-28,3657.17,3665.12,3531.36,3578.35,22961.62647675,82164736.10307837
2024-11-29,3579.53,3647.0,3535.69,3593.87,14000.20890224,50314930.76749326
2024-11-30,3593.83,3737.46,3572.0,3706.1,21891.23238662,81131096.34805237
2024-12-01,3706.12,3748.14,3662.94,3712.6,27446.79418845,101898968.10403946
2024-12-02,3712.61,3762.46,3557.13,3644.76,27789.95248097,101287707.20454022
2024-12-03,3644.76,3670.0,3505.1,3617.8,19421.30580643,70262400.14650245
2024-12-04,3617.22,3895.0,3617.22,3844.31,36297.72930158,139539723.731357
2024-12-05,3844.1,3956.0,3680.0,3791.3,45516.40677417,172566353.00291073
2024-12-06,3790.01,4093.0,3782.72,4005.25,37314.07520426,149452199.71186236
2024-12-07,4005.21,4029.99,3973.54,4000.49,14085.46081657,56348745.14208011
2024-12-08,4000.28,4017.61,3928.0,4006.8,12535.50822325,50227274.3489181
2024-12-09,4006.79,4007.96,3488.0,3717.0,39318.74127727,146147761.32761258
2024-12-10,3716.27,3780.0,3519.1,3630.45,28694.48186077,104173881.67143244
2024-12-11,3630.25,3850.04,3567.0,3834.0,23438.70084201,89863979.02826634
2024-12-12,3834.0,3988.55,3802.28,3882.68,23810.36525335,92448028.96187696
2024-12-13,3882.69,3967.21,3855.0,3907.75,13770.34861,53811079.7807275
2024-12-14,3907.89,3943.52,3825.0,3869.81,8039.67605465,31112018.793045115
2024-12-15,3869.32,3972.06,3832.13,3954.5,9797.00938306,38742273.60531077
2024-12-16,3955.82,4107.0,3884.69,3987.53,26144.73709648,104252923.5143269
2024-12-17,3987.53,4041.23,3850.0,3893.52,18353.90909475,71461312.13859102
2024-12-18,3893.42,3903.21,3615.38,3624.84,33305.02750252,120725395.8922346
2024-12-19,3624.85,3718.46,3324.01,3414.63,34443.16226905,117610655.1787662
2024-12-20,3414.61,3496.75,3096.65,3472.0,45125.3897113,156675353.0776336
2024-12-21,3472.01,3553.48,3293.51,3337.39,15465.74991821,51615239.11953487
2024-12-22,3337.39,3398.08,3220.0,3276.69,9760.97846811,31983700.53667136
2024-12-23,3276.7,3460.96,3216.33,3417.84,16085.34859588,54977147.8449425
2024-12-24,3418.13,3534.69,3354.91,3490.91,15220.98989849,53135105.84653773
2024-12-25,3490.91,3543.46,3440.0,3494.01,4523.22040883,15804177.340656113
2024-12-26,3494.01,3509.19,3301.9,3331.04,8591.10196181,28617304.27886758
2024-12-27,3330.89,3435.0,3302.0,3327.59,12708.40357759,42288356.66075271
2024-12-28,3327.94,3418.35,3316.91,3398.39,5730.59986135,19474813.262813225
2024-12-29,3397.9,3406.86,3322.72,3349.5,7692.09326016,25764666.37490592
2024-12-30,3349.5,3430.01,3296.67,3355.59,14071.05075894,47216677.21619148
2024-12-31,3355.59,3444.97,3312.09,3333.3,7580.74283203,25268890.0820056
2025-01-01,3333.3,3365.0,3310.0,3354.0,7408.39893614,24847770.03181356
2025-01-02,3354.01,3502.89,3348.09,3451.94,14594.91641574,50380775.77214953
2025-01-03,3452.31,3626.87,3422.19,3607.57,17530.98129415,63244242.18733671
2025-01-04,3607.28,3668.77,3574.25,3657.58,7867.50006327,28776010.881415088
2025-01-05,3657.59,3673.97,3593.37,3635.44,6286.78894375,22855243.9976665
2025-01-06,3635.45,3742.25,3611.12,3688.57,10772.97666662,39736878.54319453
2025-01-07,3688.58,3698.95,3356.69,3380.7,25663.18930499,86759544.08337969
2025-01-08,3380.67,3414.55,3210.73,3326.34,23962.3462754,79706910.90971404
2025-01-09,3326.4,3355.0,3159.16,3219.04,22821.45019896,73463161.0484602
2025-01-10,3218.8,3320.0,3194.91,3266.05,12562.09592819,41028433.40626495
2025-01-11,3266.06,3317.8,3220.26,3282.32,5421.8910703,17796381.497867096
2025-01-12,3281.68,3295.83,3225.29,3264.98,3855.18908716,12587115.265795656
2025-01-13,3265.24,3335.86,2920.0,3136.15,27425.86934353,86011640.14171162
2025-01-14,3136.15,3255.25,3126.06,3222.73,9781.12405623,31521921.92973411
2025-01-15,3222.73,3473.02,3186.61,3451.43,14326.57736837,49447178.92651327
2025-01-16,3451.43,3456.84,3265.46,3307.25,17898.4520615,59194655.58039588
2025-01-17,3307.26,3526.0,3306.82,3473.69,22178.63796414,77041712.90965348
2025-01-18,3473.69,3494.68,3227.9,3306.14,26305.19765281,86968666.16786124
2025-01-19,3306.14,3445.01,3125.4,3210.68,52361.86316029,168117186.8114799
2025-01-20,3209.3,3444.0,3141.8,3278.11,45616.72080957,149536628.6530595
2025-01-21,3279.03,3364.82,3202.14,3327.15,22864.05226624,76072131.49762042
2025-01-22,3327.23,3363.77,3222.41,3239.35,15768.57457524,51079932.05030369
2025-01-23,3239.35,3346.92,3181.79,3337.96,25785.02087467,86069368.27881348
2025-01-24,3338.84,3427.0,3276.45,3309.92,22297.82490878,73804016.62206909
2025-01-25,3309.92,3349.75,3270.0,3316.31,9849.69436275,32664639.91213145
2025-01-26,3316.32,3359.15,3230.74,3233.47,8183.49911064,26461098.86928112
2025-01-27,3231.55,3250.83,3021.8,3179.98,24056.68910148,76499790.20892437
2025-01-28,3179.99,3220.64,3039.96,3076.6,12733.58583337,39176150.17494614
2025-01-29,3075.4,3179.53,3054.61,3113.22,21359.32739738,66496285.24007136
2025-01-30,3113.32,3283.43,3092.59,3247.77,16347.91998744,53094284.09760801
2025-01-31,3247.77,3438.0,3215.0,3300.25,25242.92596014,83307966.39995204
2025-02-01,3300.25,3327.76,3105.0,3116.46,16345.39875732,50939781.411237486
2025-02-02,3116.47,3161.49,2750.0,2869.46,35348.07475767,101429886.59414376
2025-02-03,2869.4,2923.0,2127.94,2883.26,112739.38214815,325056950.972475
2025-02-04,2883.04,2892.22,2634.95,2735.22,43404.5374032,118720958.7959807
2025-02-05,2732.21,2825.94,2700.0,2788.76,34975.34295561,97537837.42088696
2025-02-06,2788.62,2856.38,2655.61,2687.08,24086.10928625,64721302.540896654
2025-02-07,2687.06,2797.73,2562.36,2623.39,21082.50956463,55307644.76675469
2025-02-08,2622.97,2665.53,2590.0,2632.79,10461.92244461,27544044.79294476
2025-02-09,2633.01,2696.99,2524.7,2628.76,8383.24542496,22037540.24331785
2025-02-10,2628.76,2692.4,2561.82,2661.24,11291.55565388,30049539.568331607
2025-02-11,2661.25,2756.91,2561.17,2603.04,15012.59462073,39078384.30154502
2025-02-12,2602.06,2794.68,2550.0,2737.85,18843.03292884,51589397.70422459
2025-02-13,2737.86,2756.0,2614.28,2676.18,18000.83509342,48173474.86030873
2025-02-14,2676.26,2790.13,2666.92,2725.81,12478.71274275,34014599.981315374
2025-02-15,2725.87,2738.58,2666.0,2693.0,5810.02779489,15646404.85163877
2025-02-16,2693.0,2725.85,2652.76,2663.01,7272.5984052,19367002.279031653
2025-02-17,2663.01,2847.0,2640.0,2742.99,20062.85356388,55032206.69718719
2025-02-18,2743.0,2754.29,2605.12,2669.75,21941.00370776,58576994.64879226
2025-02-19,2669.75,2736.28,2655.73,2715.01,15173.023464,41194910.434994645
2025-02-20,2715.01,2768.86,2708.26,2739.33,8658.94442664,23719706.23622775
2025-02-21,2739.34,2843.9,2616.73,2658.99,20116.9627884,53490802.88472771
2025-02-22,2660.13,2797.5,2653.58,2763.33,16470.65952973,45513867.5982888
2025-02-23,2763.34,3021.6,2746.2,2819.49,36877.20437329,103974908.9584474
2025-02-24,2819.49,2838.33,2473.34,2514.21,35867.26546741,90177837.51081689
2025-02-25,2513.2,2530.28,2309.99,2491.74,50736.0339776,126421005.303345
2025-02-26,2492.86,2502.95,2251.92,2332.44,31849.82794725,74287812.69728379
2025-02-27,2333.12,2378.09,2229.66,2304.85,16320.28156931,37615800.97502415
2025-02-28,2305.4,2310.11,2075.01,2236.31,36263.41763858,81096243.49933285
2025-03-01,2236.42,2278.76,2142.38,2215.6,13210.69235355,29269609.978525378
2025-03-02,2216.67,2550.0,2173.62,2519.77,44524.3059821,112191010.48451611
2025-03-03,2519.77,2525.23,2095.0,2147.28,29964.46930938,64342105.658645496
2025-03-04,2147.59,2221.8,1990.68,2170.99,32023.38959899,69522458.5855113
2025-03-05,2170.96,2273.18,2155.03,2241.22,21291.35977264,47718621.34963622
2025-03-06,2241.56,2319.2,2176.44,2202.2,16571.33272778,36493388.93311712
2025-03-07,2202.2,2257.45,2103.67,2139.49,19972.92728282,42731878.19232056
2025-03-08,2139.49,2232.35,2105.76,2203.01,12444.07216529,27414415.42085552
2025-03-09,2203.18,2210.62,1991.13,2019.51,22145.70272612,44723468.112426594
2025-03-10,2019.51,2152.15,1810.66,1863.51,44650.75065639,83207120.35568933
2025-03-11,1863.51,1962.0,1753.01,1922.11,27955.88379175,53734283.79496059
2025-03-12,1923.08,1955.52,1830.42,1907.97,22627.89635978,43173347.41756944
2025-03-13,1908.05,1920.8,1822.12,1862.99,16264.56652363,30300724.78785745
2025-03-14,1862.99,1944.13,1861.71,1910.01,12153.97178796,23214207.65472148
2025-03-15,1910.01,1957.6,1904.03,1936.8,5868.36741711,11365854.013458649
2025-03-16,1936.81,1939.79,1862.26,1887.1,7434.08897205,14028869.299155554
2025-03-17,1887.1,1951.23,1881.0,1926.26,10018.43074833,19298102.413278144
2025-03-18,1926.26,1934.06,1872.31,1931.66,10578.2727335,20433626.30839261
2025-03-19,1931.28,2068.99,1927.77,2057.01,22377.91926825,46031603.71398294
2025-03-20,2056.71,2066.99,1951.96,1981.55,15477.38407813,30669210.4200185
2025-03-21,1981.61,1993.93,1935.91,1964.29,9119.37103192,17913089.324290138
2025-03-22,1964.29,2004.66,1964.28,1980.15,6396.27396696,12665581.895675844
2025-03-23,1980.15,2019.99,1977.27,2005.13,6546.97274361,13127531.45739472
2025-03-24,2005.13,2104.11,1978.12,2081.86,17932.4584707,37332867.99181151
2025-03-25,2081.37,2097.82,2038.61,2066.35,8602.29900806,17775360.55530478
2025-03-26,2066.36,2078.7,1982.36,2009.22,15485.38165328,31113538.52540324
2025-03-27,2009.64,2036.93,1987.86,2002.08,9482.79110463,18985306.414757628
2025-03-28,2002.09,2015.8,1860.0,1895.61,17157.66261686,32524236.833145987
2025-03-29,1896.0,1911.99,1796.04,1827.62,9150.65068788,16723912.210183242
2025-03-30,1827.69,1847.43,1767.65,1806.21,13130.84375911,23717061.306142077
2025-03-31,1806.21,1852.64,1777.72,1822.8,18053.95407815,32908747.49365182
2025-04-01,1822.06,1927.19,1819.01,1905.28,22687.98123522,43226956.88783996
2025-04-02,1905.28,1955.0,1781.97,1792.97,21161.26935611,37941521.11742455
2025-04-03,1794.85,1843.76,1750.0,1815.63,21584.19549121,39188912.85970562
2025-04-04,1815.62,1834.03,1759.59,1815.21,18589.8883563,33744551.24323933
2025-04-05,1815.99,1826.0,1765.01,1805.58,5388.08485084,9728618.244979689
2025-04-06,1805.58,1815.38,1537.26,1578.98,37137.71528388,58639709.67894085
2025-04-07,1578.99,1636.43,1410.7,1551.65,60654.67367592,94114824.40924127
2025-04-08,1551.85,1617.6,1445.07,1471.99,29537.8196441,43479375.13791876
2025-04-09,1471.99,1687.44,1384.17,1668.81,47468.49329403,79215896.29401019
2025-04-10,1668.79,1668.8,1472.9,1521.26,30538.52318617,46457033.782192975
2025-04-11,1521.32,1591.01,1505.17,1566.21,26750.80820519,41897383.31905063
2025-04-12,1566.22,1668.28,1546.42,1643.34,18654.6026718,30655854.75467581
2025-04-13,1643.35,1647.99,1562.5,1596.65,19812.68534242,31633924.051974896
2025-04-14,1596.65,1690.88,1595.39,1622.99,19362.566898,31425252.44978502
2025-04-15,1622.99,1659.87,1583.03,1588.98,14022.83226789,22282000.01703185
2025-04-16,1588.62,1613.59,1538.85,1577.06,20623.02779052,32523752.207317468
2025-04-17,1577.29,1615.66,1564.02,1582.34,12557.77157116,19870664.26790931
2025-04-18,1582.48,1599.27,1574.11,1588.4,6990.22817809,11103278.438078158
2025-04-19,1588.34,1630.0,1585.54,1613.14,9780.41289465,15777175.256875703
2025-04-20,1613.14,1618.62,1566.55,1587.49,10671.15100835,16940345.51424554
2025-04-21,1587.3,1657.12,1564.32,1580.07,19686.26581742,31105678.03013082
2025-04-22,1580.07,1777.77,1538.02,1757.59,28963.5706252,50906082.09514527
2025-04-23,1757.59,1834.44,1746.54,1796.05,27727.02451984,49799122.38885863
2025-04-24,1796.05,1802.39,1723.73,1770.0,16118.01056901,28528878.707147703
2025-04-25,1770.0,1827.85,1740.27,1786.61,22180.9216731,39628656.47037719
2025-04-26,1786.6,1840.0,1779.91,1820.85,13976.64962844,25449382.475944974
2025-04-27,1821.62,1857.05,1784.49,1791.82,12195.27327963,21851734.567906626
2025-04-28,1791.82,1826.99,1746.58,1799.56,14783.75446982,26604253.19370928
2025-04-29,1799.56,1842.0,1782.31,1798.99,12274.23844826,22081232.226035256
2025-04-30,1798.98,1816.56,1733.43,1793.92,11976.03629869,21484051.036945965
2025-05-01,1793.87,1872.85,1792.79,1838.84,15053.62660473,27681210.74584171
2025-05-02,1838.73,1869.99,1814.41,1843.01,16850.30790356,31055285.969340112
2025-05-03,1843.01,1847.5,1811.86,1833.85,7731.59587612,14178587.09742266
2025-05-04,1833.83,1850.62,1803.72,1809.09,11790.49663962,21330069.565770146
2025-05-05,1808.95,1832.44,1783.04,1819.9,9463.6040202,17222812.956361983
2025-05-06,1819.9,1820.11,1752.41,1816.54,11568.08885054,21013896.12055993
2025-05-07,1816.55,1848.62,1788.72,1811.43,21448.50222974,38852460.39401793
2025-05-08,1811.43,2223.0,1809.0,2208.36,59326.67961335,131014666.19093762
2025-05-09,2208.06,2488.8,2186.57,2345.79,52184.32087583,122413458.06731324
2025-05-10,2345.61,2598.7,2318.83,2585.0,47052.677501,121631171.340085
2025-05-11,2584.99,2606.65,2434.8,2515.58,30980.70594058,77934444.25000423
2025-05-12,2515.12,2624.0,2408.57,2495.4,49251.47190927,122902123.00239237
2025-05-13,2495.41,2736.66,2416.26,2680.2,38626.79991585,103527549.13446116
2025-05-14,2680.2,2725.0,2548.63,2610.35,28788.83353871,75148931.62777165
2025-05-15,2610.49,2645.09,2473.8,2547.87,29236.09193957,74489761.57007222
2025-05-16,2548.66,2647.09,2530.0,2537.43,25868.89746586,65640516.49679713
2025-05-17,2537.43,2537.43,2447.63,2475.74,12931.52955548,32015104.98168405
2025-05-18,2475.75,2585.0,2308.0,2497.69,24528.63851369,61264935.12925837
2025-05-19,2498.98,2547.21,2350.33,2528.52,22509.22919583,56915036.20624007
2025-05-20,2528.75,2588.0,2445.05,2524.81,23681.98556185,59792513.9664145
2025-05-21,2524.82,2615.25,2442.69,2552.1,43029.89905163,109816605.36966492
2025-05-22,2551.67,2692.01,2545.44,2664.5,43979.95800464,117184598.10336328
2025-05-23,2664.31,2731.8,2501.6,2526.82,55401.77039659,139990301.47351155
2025-05-24,2526.82,2577.19,2516.23,2531.68,9579.74025327,24252836.804398596
2025-05-25,2531.67,2554.18,2463.62,2551.43,14295.08985297,36472921.10356325
2025-05-26,2550.95,2599.0,2526.98,2563.64,13032.46589986,33410550.87951709
2025-05-27,2563.64,2711.0,2512.11,2663.04,33095.51883955,88134690.49047524
2025-05-28,2663.03,2689.57,2610.6,2682.41,29047.88806406,77918345.42191517
2025-05-29,2682.4,2787.34,2620.2,2631.26,37646.85288669,99058658.12663196
2025-05-30,2631.27,2647.13,2508.57,2531.46,24705.7642487,62541653.96501411
2025-05-31,2531.45,2550.0,2479.01,2529.11,25473.20040508,64424525.87649188
2025-06-01,2529.33,2547.35,2470.54,2538.28,21623.94398572,54887624.54007337
2025-06-02,2540.63,2615.52,2476.05,2608.13,37110.87920838,96789997.38975212
2025-06-03,2608.14,2654.99,2579.1,2594.64,19787.50307988,51341446.99117984
2025-06-04,2594.64,2680.0,2585.39,2608.18,21974.52746449,57313523.04233352
2025-06-05,2608.17,2641.35,2393.21,2416.63,31471.18301037,76054204.99835046
2025-06-06,2416.64,2530.85,2385.58,2478.03,30881.09778721,76524286.74964
2025-06-07,2478.02,2543.18,2458.83,2525.68,17238.40598937,43538697.23923202
2025-06-08,2525.54,2547.1,2494.02,2511.12,11564.90582193,29040866.307564866
2025-06-09,2511.12,2696.49,2480.0,2681.57,29817.26697285,79957088.59638537
2025-06-10,2681.06,2825.42,2655.59,2816.32,38449.84035993,108287054.40247808
2025-06-11,2816.36,2880.51,2744.37,2771.98,33951.42377047,94112667.66326743
2025-06-12,2771.98,2784.93,2618.64,2643.89,30849.00191076,81561367.66183925
2025-06-13,2643.89,2645.0,2440.77,2579.64,37424.0436697,96540560.0121049
2025-06-14,2579.52,2580.2,2489.95,2533.18,10299.39541591,26090222.47967489
2025-06-15,2531.43,2558.18,2493.47,2546.96,12347.54670408,31448707.553423595
2025-06-16,2547.47,2679.0,2515.87,2541.11,27186.99114229,69085135.06158455
2025-06-17,2545.53,2617.47,2455.85,2510.11,21808.47946107,54741682.38002642
2025-06-18,2510.11,2547.17,2466.05,2525.79,20806.14277384,52551947.35673734
2025-06-19,2525.5,2546.37,2485.77,2521.43,7224.27630446,18215507.002354577
2025-06-20,2521.43,2568.09,2366.73,2406.04,23313.04595301,56092121.08478019
2025-06-21,2406.71,2448.51,2217.24,2296.29,19934.82597032,45776141.52738611
2025-06-22,2296.43,2314.0,2114.63,2227.41,42446.83668109,94546508.49182668
2025-06-23,2227.41,2442.18,2190.68,2413.73,34637.51728752,83605614.60240565
2025-06-24,2413.32,2481.81,2378.37,2448.24,27590.12403842,67547245.27582137
2025-06-25,2448.24,2469.38,2391.43,2419.12,20293.04951264,49091321.93701767
2025-06-26,2419.11,2520.0,2396.67,2416.21,16998.2426506,41071323.87480623
2025-06-27,2416.22,2463.09,2380.39,2424.18,13650.80119555,33091999.2422284
2025-06-28,2424.35,2447.98,2405.8,2437.56,4071.75859584,9925155.88287575
2025-06-29,2437.56,2523.77,2415.0,2501.2,7261.83494912,18163301.574738946
2025-06-30,2501.2,2522.45,2435.45,2486.1,14104.19724421,35064444.76883048
2025-07-01,2486.1,2499.95,2386.2,2405.76,17164.01401404,41292498.35441688
2025-07-02,2405.76,2618.09,2373.31,2570.49,28822.71769168,74088507.59928653
2025-07-03,2570.5,2636.65,2557.22,2591.13,30532.87412442,79114646.1300084
2025-07-04,2591.36,2602.74,2475.22,2508.0,17856.72977104,44784678.26576833
2025-07-05,2508.0,2529.0,2489.37,2516.99,6819.52152058,17164667.472084653
2025-07-06,2516.99,2605.0,2505.0,2572.17,11571.11065475,29762863.69282831
2025-07-07,2572.17,2589.22,2515.0,2542.52,17369.4695563,44162223.73628387
2025-07-08,2542.52,2627.0,2525.01,2615.74,23272.28666038,60874251.10902237
2025-07-09,2615.75,2795.41,2592.19,2770.33,55374.4515272,153405504.29934797
2025-07-10,2770.33,3000.3,2757.68,2951.71,58201.39172132,171793629.95773745
2025-07-11,2951.72,3039.25,2916.07,2958.01,42294.37759959,125107191.88336322
2025-07-12,2958.01,2980.68,2905.34,2942.64,10959.83647228,32250853.196790017
2025-07-13,2942.64,3019.71,2938.61,2973.24,19663.44594076,58464144.00890526
2025-07-14,2973.25,3081.76,2964.59,3014.59,48232.60517518,145401529.23504588
2025-07-15,3014.29,3144.09,2935.0,3140.01,45854.02613509,143982100.60444394
2025-07-16,3140.01,3423.0,3101.92,3372.67,52537.04504199,177190115.70176843
2025-07-17,3372.46,3524.0,3312.11,3479.33,60830.26089768,211648551.64912492
2025-07-18,3479.34,3675.93,3461.76,3549.05,69989.80709475,248397324.86962247
2025-07-19,3549.18,3609.01,3512.07,3596.18,12575.8898475,45225163.55178255
2025-07-20,3596.18,3822.85,3581.4,3760.07,42201.77821032,158681640.19527793
2025-07-21,3759.0,3859.67,3706.71,3764.17,42037.6390746,158236819.8754371
2025-07-22,3764.17,3800.0,3618.0,3749.04,45507.00439243,170607579.74739575
2025-07-23,3749.04,3765.91,3530.0,3629.0,52061.58452841,188931490.25359988
2025-07-24,3629.0,3773.86,3515.0,3706.09,44719.16823416,165733262.20093805
2025-07-25,3709.34,3745.0,3575.0,3725.52,28434.19767673,105932172.12861116
2025-07-26,3725.52,3793.2,3701.31,3742.2,14354.99607502,53719266.31193984
2025-07-27,3742.45,3878.86,3732.49,3875.0,15864.4542278,61474760.132725
2025-07-28,3875.01,3939.3,3755.33,3797.08,31592.83688576,119960529.08218156
2025-07-29,3798.36,3885.48,3716.23,3792.87,28769.35921188,109118439.47396328
2025-07-30,3792.86,3831.5,3663.75,3806.85,25998.77571475,98973439.32969604
2025-07-31,3808.01,3877.25,3685.49,3698.08,32435.26236521,119948195.0475358
2025-08-01,3697.68,3722.99,3429.88,3485.96,57910.06943977,201872185.66426063
2025-08-02,3485.96,3536.0,3369.0,3392.97,33364.78385669,113205710.68223348
2025-08-03,3392.97,3518.23,3350.0,3496.8,18341.30157739,64135863.35581736
2025-08-04,3496.95,3736.1,3490.84,3719.99,36905.20713242,137287001.48053107
2025-08-05,3720.0,3720.0,3544.32,3611.38,58255.79486687,210383812.46631697
2025-08-06,3611.38,3698.6,3565.35,3683.56,25721.15483636,94745417.10902224
2025-08-07,3683.56,3927.5,3650.36,3912.74,50916.50482268,199223045.07989293
2025-08-08,3912.75,4070.0,3880.42,4008.37,78958.7836631,316496019.6716601
2025-08-09,4008.37,4323.41,4008.0,4262.91,57341.33857955,244440965.64414948
2025-08-10,4262.91,4329.93,4161.83,4251.61,56525.261058,240323365.16680336
2025-08-11,4251.62,4362.74,4168.3,4225.0,62555.98522514,264299037.5762165
2025-08-12,4225.01,4634.45,4221.44,4590.0,74155.29673329,340372812.0058011
2025-08-13,4590.01,4782.99,4565.31,4750.83,80090.90291867,380498264.31310505
2025-08-14,4750.83,4790.39,4446.98,4549.29,91899.43327771,418077172.8159534
2025-08-15,4549.3,4669.23,4368.45,4443.2,52885.57152723,234981171.40978837
2025-08-16,4443.2,4491.81,4374.88,4424.21,22809.93090601,100915924.4136785
2025-08-17,4423.99,4581.39,4400.0,4472.99,19422.38550301,86876136.13110869
2025-08-18,4472.99,4482.35,4228.77,4312.56,47317.32654038,204058809.7449812
2025-08-19,4312.56,4353.36,4067.32,4074.66,53618.70862734,218478007.2954772
2025-08-20,4074.64,4378.12,4065.0,4334.99,54336.99414559,235550326.2511912
2025-08-21,4335.0,4337.29,4205.0,4223.73,25886.95038826,109339488.9634054
2025-08-22,4224.57,4889.93,4207.02,4830.0,119591.52706168,577627075.7079144
2025-08-23,4830.01,4830.53,4659.21,4776.69,37064.65115903,177046348.54482698
2025-08-24,4776.67,4956.01,4710.0,4779.18,56659.31072111,270785044.6121145
2025-08-25,4779.81,4796.28,4335.28,4377.69,69124.74799836,302606718.0649406
2025-08-26,4377.59,4633.0,4310.0,4600.83,48504.99152468,223163220.15649348
2025-08-27,4601.11,4661.12,4480.15,4506.04,42494.71089709,191482867.09072343
2025-08-28,4506.12,4629.55,4430.0,4512.18,31189.68398612,140733468.28849095
2025-08-29,4512.13,4513.98,4265.0,4359.78,42283.10155559,184345020.50003016
2025-08-30,4360.76,4413.53,4261.15,4374.39,14195.08019999,62094816.87603426
2025-08-31,4374.39,4497.84,4374.38,4391.93,24949.71122985,109577385.24171512
2025-09-01,4392.91,4491.18,4213.21,4314.38,30777.72273799,132786791.4263293
2025-09-02,4314.55,4416.48,4258.4,4325.58,35363.59751947,152968070.15826905
2025-09-03,4326.88,4488.63,4285.92,4450.0,44006.54067604,195829106.008378
2025-09-04,4450.0,4480.0,4269.0,4299.15,26427.24561653,113614692.99230494
2025-09-05,4299.15,4491.84,4256.47,4307.02,42318.26958483,182265633.4672545
2025-09-06,4307.69,4328.95,4233.14,4274.96,10750.98319083,45960023.10147062
2025-09-07,4274.96,4335.74,4270.02,4305.19,9710.56009947,41805806.234637246
2025-09-08,4305.19,4383.22,4280.0,4307.5,22526.89162831,97034585.68894532
2025-09-09,4306.85,4387.48,4268.83,4308.23,18285.2311497,78776981.39607203
2025-09-10,4308.23,4450.0,4286.62,4349.81,38559.64417855,167727125.8442986
2025-09-11,4350.27,4479.62,4341.39,4462.85,38122.54532015,170135201.38203144
2025-09-12,4462.85,4750.0,4453.59,4716.93,44737.37449077,211023063.85674772
2025-09-13,4716.93,4765.45,4610.0,4666.17,21391.2119141,99815031.297216
2025-09-14,4666.17,4692.31,4581.0,4608.76,19067.21647891,87876224.61934125
2025-09-15,4608.77,4670.13,4467.79,4527.02,20497.93123278,92794544.64941972
2025-09-16,4527.03,4536.9,4416.7,4504.6,27190.62670602,122482897.0599377
2025-09-17,4504.6,4641.8,4429.17,4592.34,42363.37888803,194547039.4026557
2025-09-18,4592.21,4644.29,4555.45,4589.52,21422.29410136,98318047.22407375
2025-09-19,4589.52,4620.0,4441.03,4471.11,14558.03552665,65090578.22356007
2025-09-20,4471.12,4508.31,4460.0,4481.59,8786.63728483,39378105.78932128
2025-09-21,4481.59,4500.58,4444.59,4447.0,16208.45729364,72079009.58481708
2025-09-22,4447.01,4456.92,4000.0,4203.07,61164.06654304,257076853.1650551
2025-09-23,4203.07,4234.65,4117.81,4165.01,26096.35733319,108691589.25630967
2025-09-24,4165.01,4275.48,4075.0,4154.62,36881.01867094,153226617.79066074
2025-09-25,4154.42,4161.74,3825.2,3872.63,56697.8339456,219569732.67274892
2025-09-26,3872.63,4070.64,3871.69,4035.39,36427.48319993,146999101.43016553
2025-09-27,4035.39,4040.4,3974.04,4019.11,6643.06393079,26699204.6748774
2025-09-28,4019.64,4150.26,3965.78,4145.33,25503.59737578,105720827.3097421
2025-09-29,4145.33,4237.67,4084.97,4218.01,21726.84825565,91644063.21081424
2025-09-30,4218.01,4246.0,4093.11,4146.97,35033.02446656,145280901.4720903
2025-10-01,4146.98,4359.72,4124.4,4350.03,29073.31194622,126469779.1654154
2025-10-02,4349.96,4530.85,4336.22,4487.47,32776.89856049,147085348.98324206
2025-10-03,4487.48,4593.82,4430.88,4514.89,35317.95354726,159456675.29098868
2025-10-04,4514.89,4520.0,4442.55,4489.0,14091.77128201,63257961.284942895
2025-10-05,4489.0,4616.47,4472.49,4516.68,22569.8121634,101940619.20218553
2025-10-06,4516.68,4759.01,4491.44,4688.96,44942.59095068,210734011.2641005
2025-10-07,4687.59,4757.08,4435.01,4450.01,43032.90671788,191496865.2236332
2025-10-08,4450.01,4558.2,4414.17,4526.57,18580.10900842,84104164.03424372
2025-10-09,4526.58,4528.47,4269.2,4370.28,35929.19076205,157020623.80357185
2025-10-10,4370.28,4395.0,3423.26,3837.22,132001.7663482,506519817.86664
2025-10-11,3837.11,3883.3,3650.0,3749.47,32571.61542712,122126294.89552362
2025-10-12,3750.02,4200.0,3700.0,4156.74,64164.86926318,266716678.66103083
2025-10-13,4156.74,4293.6,4042.17,4244.36,35145.60603277,149170604.4212477
2025-10-14,4244.36,4264.58,3890.78,4125.99,59476.16484645,245398061.39480424
2025-10-15,4125.99,4216.33,3932.0,3987.78,22055.55541692,87952702.78048524
2025-10-16,3987.78,4087.62,3828.0,3895.24,30292.7230202,117997426.41720384
2025-10-17,3895.24,3949.0,3677.0,3833.11,30698.31567156,117670020.78381336
2025-10-18,3833.11,3929.2,3821.43,3889.37,7962.64852878,30969686.308381066
2025-10-19,3889.37,4028.63,3826.4,3984.67,19463.65152194,77556228.30992866
2025-10-20,3984.47,4085.3,3909.93,3981.32,19184.10595721,76378064.72955932
2025-10-21,3981.32,4110.0,3842.0,3874.68,27378.91471289,106084533.25974062
2025-10-22,3874.69,3891.38,3708.51,3805.71,23651.30898938,90010023.13397336
2025-10-23,3805.71,3933.0,3797.77,3858.33,12330.0718371,47573486.07123804
2025-10-24,3858.34,4021.75,3850.0,3935.68,15595.79038715,61380040.31089851
2025-10-25,3935.68,3968.91,3914.34,3954.29,6398.61014376,25301960.10536873
2025-10-26,3954.29,4177.73,3916.74,4158.73,21125.78723594,87856445.15172075
2025-10-27,4158.83,4252.57,4095.47,4118.66,24468.44344254,100777199.2690518
2025-10-28,4118.66,4174.82,3926.42,3980.25,30960.94808476,123232313.61436598
2025-10-29,3980.15,4035.79,3840.0,3902.54,32679.24745774,127532070.37372863
2025-10-30,3902.54,3948.66,3678.76,3802.67,34893.75741998,132689444.52823536
2025-10-31,3803.69,3900.0,3796.49,3846.73,15811.4862328,60822518.43629874
2025-11-01,3846.73,3881.41,3830.69,3872.37,6061.64651082,23472938.099104043
2025-11-02,3872.37,3916.6,3837.92,3907.44,6173.84733877,24123938.045403447
2025-11-03,3906.81,3913.33,3558.19,3601.99,40458.0743398,145729579.19121617
2025-11-04,3601.99,3649.9,3058.27,3288.88,74643.28172729,245492796.40724957
2025-11-05,3286.58,3480.0,3168.13,3424.01,39185.08980965,134170139.35913973
2025-11-06,3424.01,3454.94,3243.78,3313.54,26409.95548581,87510443.90045086
2025-11-07,3313.53,3488.32,3178.39,3433.9,96651.64758615,331892092.6460805
2025-11-08,3434.51,3485.22,3356.95,3400.21,10474.0316675,35613907.21615017
2025-11-09,3400.21,3621.0,3360.0,3584.2,24297.31626342,87086440.95134996
2025-11-10,3584.21,3658.0,3508.0,3565.64,33867.64543702,120759831.276056
2025-11-11,3566.47,3644.2,3404.17,3414.42,33968.15847659,115981559.66563842
2025-11-12,3416.34,3586.3,3372.02,3413.51,26839.60831944,91617271.39449164
2025-11-13,3414.75,3561.69,3153.33,3230.34,44868.13615712,144939334.95379105
2025-11-14,3230.24,3252.0,3067.18,3109.23,58982.09457119,183388897.90358108
2025-11-15,3109.81,3227.5,3109.81,3167.37,14057.54959132,44525460.84905922
2025-11-16,3167.37,3244.75,3003.32,3093.51,30206.85567438,93445210.09725128
2025-11-17,3092.44,3217.79,2955.78,3025.5,34962.0608538,105777715.1131719
2025-11-18,3026.65,3168.86,2941.02,3122.0,43756.47394556,136607711.65803832
2025-11-19,3121.81,3123.16,2870.83,3022.4,52001.59895066,157169632.6684748
2025-11-20,3022.4,3058.46,2788.37,2830.0,43132.2473082,122064259.882206
2025-11-21,2830.95,2881.24,2621.08,2765.39,45681.70906242,126327741.42412564
2025-11-22,2765.39,2797.32,2704.51,2767.09,6962.53498869,19265960.94185421
2025-11-23,2767.09,2856.78,2767.08,2801.0,11792.90653389,33031931.20142589
2025-11-24,2801.0,2983.98,2762.75,2951.88,22346.21426151,65963342.95426614
2025-11-25,2951.88,2977.85,2856.2,2959.04,22133.71475348,65494547.30413745
2025-11-26,2959.04,3044.02,2888.11,3026.95,28108.61947289,85083385.71346438
2025-11-27,3026.95,3070.59,2986.2,3014.85,10653.44095957,32118526.47695961
2025-11-28,3014.85,3097.0,2995.62,3032.32,13157.22527129,39896917.3346381
2025-11-29,3032.33,3052.04,2964.9,2990.01,7456.26655312,22294311.556494333
2025-11-30,2990.01,3052.2,2977.36,2991.95,7419.65171797,22199226.957580343
2025-12-01,2992.16,2996.68,2718.8,2799.79,49179.38203832,137691942.03706795
2025-12-02,2799.8,3034.42,2784.31,2997.97,26073.42022328,78167331.62678674
2025-12-03,2997.97,3213.0,2986.81,3189.39,30837.58301078,98353078.87875162
2025-12-04,3189.14,3239.96,3069.6,3133.94,29031.86227151,90984114.44717604
2025-12-05,3133.95,3192.73,2985.0,3023.8,25915.39266655,78362964.34511389
2025-12-06,3023.8,3069.61,3012.87,3040.62,5928.65290106,18026780.58402105
2025-12-07,3040.57,3149.11,2914.0,3060.35,17037.3830401,52140355.18677004
2025-12-08,3060.19,3179.21,3042.24,3124.35,23079.79665474,72109362.67823692
2025-12-09,3124.35,3396.98,3091.74,3318.37,42587.41106955,141320787.2708626
2025-12-10,3318.37,3448.32,3289.82,3324.64,44390.89126879,147583732.74787
2025-12-11,3324.8,3327.67,3146.51,3236.85,40659.41144982,131608415.95134988
2025-12-12,3237.17,3266.0,3046.15,3085.09,31634.82058594,97596268.64147764
2025-12-13,3085.23,3135.0,3078.83,3115.15,9109.74933775,28378235.649491917
2025-12-14,3115.0,3129.0,3026.11,3062.77,23134.98621619,70857141.73336025
2025-12-15,3063.51,3175.7,2894.06,2964.51,41002.61711673,121552668.46871726
2025-12-16,2964.75,2980.81,2875.91,2961.9,26976.25378803,79900966.09476607
2025-12-17,2961.9,3028.78,2790.66,2833.01,45806.76927186,129771035.41487212
2025-12-18,2832.46,2993.92,2775.0,2826.65,56208.14177952,158880743.96108022
2025-12-19,2827.19,3016.58,2807.51,2977.94,40968.60150326,122002037.16061808
2025-12-20,2977.94,2992.0,2965.91,2977.08,10118.90063902,30124776.714413658
2025-12-21,2977.08,3012.11,2944.28,3001.35,27591.86823606,82812853.73029868
2025-12-22,3001.36,3075.51,2963.26,3007.03,27858.83080499,83772339.99552909
2025-12-23,3007.29,3032.8,2900.35,2963.44,20946.68264799,62074237.22635949
2025-12-24,2963.44,2976.12,2888.0,2945.49,15426.89606787,45439768.0989504
2025-12-25,2945.42,2968.66,2890.0,2902.89,8474.79039716,24601384.296011794
2025-12-26,2902.88,2990.83,2893.72,2925.71,22126.58054645,64735957.97055423
2025-12-27,2925.72,2958.0,2916.37,2947.1,6742.19639745,19869927.002924897
2025-12-28,2946.85,2957.25,2923.7,2948.59,8796.21768475,25936439.503077004
2025-12-29,2948.91,3053.42,2907.38,2934.84,37652.96039268,110505414.27885295
2025-12-30,2934.31,3004.08,2915.54,2970.49,33048.24581834,98169483.7209208
2025-12-31,2970.31,3023.0,2955.79,2967.13,16878.67450477,50081221.48333821
2026-01-01,2967.13,3006.0,2967.13,2999.8,9252.15614608,27754618.007010788
2026-01-02,3000.22,3147.65,2989.3,3124.04,33453.81358317,104511051.7863664
2026-01-03,3124.04,3135.3,3075.13,3125.5,15637.74766073,48875780.31361161
2026-01-04,3125.5,3164.79,3116.41,3143.42,11752.41165471,36942765.84364851
2026-01-05,3143.18,3264.6,3133.98,3224.67,31644.49754788,102043061.9077222
2026-01-06,3224.83,3308.21,3181.17,3295.29,26560.53317884,87524659.37889966
2026-01-07,3295.36,3295.36,3123.0,3166.37,19088.05814799,60439854.67805109
2026-01-08,3166.38,3180.0,3050.33,3103.77,21281.33657319,66052374.01576993
2026-01-09,3103.83,3145.45,3056.63,3084.39,22378.77270875,69024862.7551414
2026-01-10,3084.39,3099.28,3074.11,3081.4,5831.10900588,17967979.290718634
2026-01-11,3081.4,3142.42,3080.42,3118.03,19918.71094677,62107138.29335727
2026-01-12,3118.54,3166.62,3061.56,3091.93,28404.17599181,87823723.87435709
2026-01-13,3091.93,3374.84,3088.58,3323.63,43164.01029425,143461199.53427812
2026-01-14,3323.57,3402.64,3279.18,3354.58,48970.99010147,164277103.97458923
2026-01-15,3354.59,3382.71,3272.92,3317.62,26521.03392474,87986712.56939591
2026-01-16,3317.62,3325.9,3251.53,3295.01,17904.44560292,58995327.30607744
2026-01-17,3295.01,3328.38,3283.21,3308.93,19420.62934768,64261503.06741878
2026-01-18,3308.93,3367.0,3277.46,3282.62,9632.86037768,31621020.13297992
2026-01-19,3281.96,3281.96,3163.19,3187.31,32744.31456823,104366281.26646516
2026-01-20,3187.28,3198.01,2910.0,2936.29,49800.93857625,146229997.9320571
2026-01-21,2936.29,3067.1,2864.1,2979.9,57345.92874278,170885133.06061012
2026-01-22,2979.54,3034.21,2903.92,2948.85,14842.09589638,43767114.48404016
2026-01-23,2949.42,3015.33,2888.29,2953.01,24716.68765208,72988625.80346876
2026-01-24,2953.01,2965.72,2940.13,2948.77,7158.69798256,21109353.85003345
2026-01-25,2948.77,2955.55,2784.3,2814.76,30963.01621037,87153459.50830106
2026-01-26,2814.54,2946.79,2809.92,2926.63,27441.15537858,80310108.56561358
2026-01-27,2926.64,3030.78,2896.11,3022.12,27420.91998543,82869310.7063677
2026-01-28,3022.19,3040.36,2979.32,3006.19,32313.77204271,97141338.37707438
2026-01-29,3006.13,3007.84,2750.67,2817.93,35842.60042572,101001939.01764914
2026-01-30,2817.64,2823.79,2631.54,2702.42,50039.61241725,135228049.38862476
2026-01-31,2702.42,2710.35,2230.0,2448.6,75646.8231494,185228811.1636209
2026-02-01,2449.17,2473.24,2220.0,2267.31,42793.47493094,97026073.64566956
2026-02-02,2268.18,2394.3,2155.79,2344.99,74617.20664058,174976603.40009367
2026-02-03,2344.83,2357.83,2107.48,2230.61,57033.08472657,127218569.12193432
2026-02-04,2230.57,2293.8,2073.0,2142.84,71385.15966819,152966975.54338425
2026-02-05,2143.46,2168.33,1812.68,1823.85,99367.2168208,181230898.39861605
2026-02-06,1823.49,2091.99,1744.56,2062.18,76069.1321254,156868242.88635737
2026-02-07,2062.19,2129.48,1993.48,2086.26,49236.62918371,102720410.00080684
2026-02-08,2086.13,2150.0,2064.97,2088.62,17573.76121343,36704909.145594165
2026-02-09,2088.49,2168.59,2008.0,2103.7,35179.00215434,74006066.83208506
2026-02-10,2103.9,2123.64,1986.64,2021.58,29865.75078421,60376004.47034325
2026-02-11,2021.56,2030.35,1902.5,1940.52,38425.14597795,74564764.27313153
2026-02-12,1940.2,2000.0,1895.7,1946.08,17836.54106485,34711335.83548329
2026-02-13,1946.38,2071.71,1923.57,2047.86,18734.68478563,38366011.58510025
2026-02-14,2047.68,2106.0,2041.95,2085.56,11709.62835817,24421132.518665027
2026-02-15,2085.86,2101.87,1928.0,1965.46,27179.95203938,53421108.53531982
2026-02-16,1965.82,2021.74,1937.5,1997.94,14849.73289497,29668875.340176363
2026-02-17,1997.64,2014.02,1941.24,1991.84,17937.82218533,35729271.7416277
2026-02-18,1991.2,2038.21,1922.94,1955.31,19249.58659536,37638909.16577336
2026-02-19,1955.29,1986.0,1905.46,1948.33,16461.34755152,32072137.27505296
2026-02-20,1948.37,1980.76,1922.66,1968.71,45804.61848077,90176010.4492767
2026-02-21,1968.35,1994.97,1955.34,1973.59,13441.24446861,26527505.67080401
2026-02-22,1973.19,1982.0,1934.72,1957.4,9422.48145371,18443565.197491955
2026-02-23,1957.41,1957.8,1837.22,1856.01,34900.92200182,64776460.244597934
2026-02-24,1855.62,1868.77,1792.8,1851.81,36710.90780893,67981626.18965466
2026-02-25,1851.81,2158.6,1846.74,2056.79,46034.51377776,94683327.592959
2026-02-26,2057.65,2083.12,1975.33,2027.58,34373.51447236,69695050.47386768
2026-02-27,2027.82,2063.0,1886.52,1929.13,31174.48774578,60139639.54501657
2026-02-28,1929.86,1984.14,1836.0,1965.0,33735.7900782,66290827.503663
2026-03-01,1964.78,2054.51,1907.66,1939.3,31669.88983146,61417417.35015038
2026-03-02,1939.3,2089.38,1921.25,2027.17,27974.04478762,56708144.37211964
2026-03-03,2027.85,2041.11,1929.03,1983.19,32094.14675062,63648790.89436208
2026-03-04,1982.99,2200.0,1945.0,2129.35,56571.39376173,120460297.30653976
2026-03-05,2127.96,2163.65,2055.06,2073.24,31824.95639654,65980772.599562585
2026-03-06,2073.24,2092.84,1956.45,1978.92,24622.79387962,48726539.26425761
2026-03-07,1978.91,1996.03,1948.22,1969.38,23183.82685385,45657764.92943512
2026-03-08,1969.75,1979.54,1912.79,1937.24,27440.02511888,53157914.26129909
2026-03-09,1937.2,2054.96,1930.26,1994.57,31901.81682418,63630406.7830047
2026-03-10,1993.39,2088.25,1991.4,2037.16,38128.78492317,77674435.494085
2026-03-11,2036.97,2086.22,2007.5,2052.18,25958.15743176,53270811.51830923
2026-03-12,2052.29,2094.56,2018.19,2073.83,23170.34424708,48051355.00992192
2026-03-13,2073.36,2209.88,2070.66,2093.25,56106.88563855,117445738.36289476
2026-03-14,2093.05,2105.96,2062.22,2096.52,11306.68319533,23704687.452673253
2026-03-15,2096.52,2202.98,2084.01,2178.97,27232.68997194,59339214.468158096
2026-03-16,2178.84,2385.4,2165.91,2352.65,61583.21250208,144883744.8930185
2026-03-17,2352.65,2376.21,2297.65,2318.03,49209.90364393,114070032.94373909
2026-03-18,2318.12,2350.41,2153.94,2203.68,32609.53023895,71860969.59696934
2026-03-19,2203.61,2233.8,2100.0,2137.77,53465.50369722,114296949.838806
2026-03-20,2137.75,2176.58,2117.15,2146.26,38028.16397224,81618327.20705983
2026-03-21,2146.05,2167.31,2071.1,2085.46,13367.86742191,27878152.79369643
2026-03-22,2085.44,2126.95,2025.3,2053.71,38466.27158639,78998566.61968501
2026-03-23,2053.7,2197.22,2022.58,2151.36,64536.70319786,138841681.7917481
2026-03-24,2151.63,2174.85,2099.58,2155.73,45980.92930353,99122468.72749873
2026-03-25,2155.78,2199.03,2146.29,2168.53,38275.58641877,83001757.41669531
2026-03-26,2168.17,2173.0,2032.8,2059.17,40218.14731691,82816002.41056156
2026-03-27,2059.28,2075.55,1969.4,1991.66,33988.25734752,67693052.62876168
2026-03-28,1991.48,2045.1,1981.78,1993.71,19226.35585004,38331777.921783246
2026-03-29,1993.06,2017.85,1936.7,1983.07,18707.19080284,37097668.86538792
2026-03-30,1983.08,2086.7,1978.77,2024.67,36538.81602378,73979044.63886665
2026-03-31,2024.73,2121.39,2011.2,2103.97,29058.39638047,61137994.23261746
2026-04-01,2103.25,2167.25,2080.87,2140.1,25056.87302193,53624213.9542324
2026-04-02,2140.06,2158.95,2016.68,2056.93,28382.99242238,58381828.60336609
2026-04-03,2056.94,2080.8,2041.3,2053.54,9727.36864559,19975540.60846489
2026-04-04,2053.54,2083.58,2044.88,2065.03,9628.68019657,19883513.466322947
2026-04-05,2065.19,2121.77,2021.71,2108.25,14230.77004469,30002020.94671769
2026-04-06,2109.71,2174.24,2087.95,2107.24,29991.75792881,63199831.97790557
2026-04-07,2107.22,2273.51,2059.82,2240.22,34420.90869064,77110408.06694552
2026-04-08,2240.01,2270.0,2180.61,2190.38,26895.02566283,58910326.31134958
2026-04-09,2190.39,2246.17,2157.17,2189.56,17306.70804359,37894075.66392291
2026-04-10,2190.6,2258.47,2176.49,2245.89,22278.93312349,50036033.11271495
2026-04-11,2245.89,2329.85,2229.78,2285.62,16085.95579684,36766382.28837344
2026-04-12,2285.67,2288.99,2176.15,2191.77,15830.68717616,34697225.2320922
2026-04-13,2191.74,2395.05,2175.0,2369.39,32684.27899875,77441803.81684826
2026-04-14,2370.0,2417.01,2303.97,2323.21,30757.33193904,71455741.13409711
2026-04-15,2323.07,2386.01,2309.86,2360.32,18796.41114484,44365545.15338875
2026-04-16,2360.64,2369.1,2285.92,2348.89,19936.44924442,46828526.265725695
2026-04-17,2348.89,2465.91,2317.48,2420.5,32578.10291826,78855298.11364833
2026-04-18,2420.01,2428.0,2340.47,2351.31,17998.60337233,42320296.09539325
2026-04-19,2351.26,2355.99,2316.44,2330.97,3942.32678279,9189445.460880006
