date,DXY,US10Y,US2Y,M2
2021-03-01,,,,19873.2
2021-03-22,113.0023,1.69,0.15,19873.2
2021-03-23,113.2916,1.63,0.15,19873.2
2021-03-24,113.6565,1.62,0.14,19873.2
2021-03-25,114.0016,1.63,0.14,19873.2
2021-03-26,113.7406,1.67,0.14,19873.2
2021-03-29,113.9314,1.73,0.14,19873.2
2021-03-30,114.203,1.73,0.16,19873.2
2021-03-31,113.8234,1.74,0.16,19873.2
2021-04-01,113.7389,1.69,0.17,20176.9
2021-04-02,113.7315,1.72,0.19,20176.9
2021-04-05,113.394,1.73,0.17,20176.9
2021-04-06,113.1464,1.67,0.16,20176.9
2021-04-07,113.2436,1.68,0.16,20176.9
2021-04-08,113.0917,1.64,0.14,20176.9
2021-04-09,113.2028,1.67,0.16,20176.9
2021-04-12,113.1815,1.69,0.18,20176.9
2021-04-13,113.0391,1.64,0.16,20176.9
2021-04-14,112.7849,1.64,0.16,20176.9
2021-04-15,112.6181,1.56,0.16,20176.9
2021-04-16,112.4814,1.59,0.16,20176.9
2021-04-19,112.1835,1.61,0.16,20176.9
2021-04-20,112.2354,1.58,0.15,20176.9
2021-04-21,112.1771,1.57,0.15,20176.9
2021-04-22,112.2297,1.57,0.16,20176.9
2021-04-23,112.0889,1.58,0.16,20176.9
2021-04-26,111.8109,1.58,0.18,20176.9
2021-04-27,111.9097,1.63,0.17,20176.9
2021-04-28,111.7909,1.63,0.17,20176.9
2021-04-29,111.7464,1.65,0.16,20176.9
2021-04-30,112.0839,1.65,0.16,20176.9
2021-05-01,112.0839,1.65,0.16,20460.4
2021-05-03,112.005,1.63,0.16,20460.4
2021-05-04,112.2896,1.61,0.16,20460.4
2021-05-05,112.1514,1.59,0.16,20460.4
2021-05-06,111.8401,1.58,0.16,20460.4
2021-05-07,111.0249,1.6,0.14,20460.4
2021-05-10,110.7905,1.63,0.16,20460.4
2021-05-11,110.8921,1.64,0.16,20460.4
2021-05-12,111.5636,1.69,0.16,20460.4
2021-05-13,111.5955,1.66,0.16,20460.4
2021-05-14,111.1353,1.63,0.16,20460.4
2021-05-17,111.079,1.64,0.16,20460.4
2021-05-18,110.8317,1.64,0.16,20460.4
2021-05-19,110.8807,1.68,0.16,20460.4
2021-05-20,110.8605,1.63,0.15,20460.4
2021-05-21,111.0576,1.63,0.17,20460.4
2021-05-24,110.9118,1.61,0.15,20460.4
2021-05-25,110.842,1.56,0.15,20460.4
2021-05-26,110.8677,1.58,0.14,20460.4
2021-05-27,110.8688,1.61,0.14,20460.4
2021-05-28,110.7576,1.58,0.14,20460.4
2021-05-31,110.7576,1.58,0.14,20460.4
2021-06-01,110.5046,1.62,0.16,20477.8
2021-06-02,110.5799,1.59,0.13,20477.8
2021-06-03,111.1782,1.63,0.16,20477.8
2021-06-04,110.7521,1.56,0.14,20477.8
2021-06-07,110.5155,1.57,0.16,20477.8
2021-06-08,110.649,1.53,0.14,20477.8
2021-06-09,110.5707,1.5,0.16,20477.8
2021-06-10,110.5456,1.45,0.14,20477.8
2021-06-11,111.0933,1.47,0.16,20477.8
2021-06-14,110.9659,1.51,0.16,20477.8
2021-06-15,111.3507,1.51,0.16,20477.8
2021-06-16,111.1165,1.57,0.21,20477.8
2021-06-17,112.5772,1.52,0.23,20477.8
2021-06-18,113.0408,1.45,0.26,20477.8
2021-06-21,112.8391,1.5,0.27,20477.8
2021-06-22,112.9174,1.48,0.25,20477.8
2021-06-23,112.3819,1.5,0.26,20477.8
2021-06-24,112.326,1.49,0.26,20477.8
2021-06-25,111.9655,1.54,0.28,20477.8
2021-06-28,112.0248,1.49,0.25,20477.8
2021-06-29,112.2613,1.49,0.27,20477.8
2021-06-30,112.5533,1.45,0.25,20477.8
2021-07-01,112.74,1.48,0.25,20633.3
2021-07-02,112.5425,1.44,0.24,20633.3
2021-07-05,112.5425,1.44,0.24,20633.3
2021-07-06,112.9516,1.37,0.22,20633.3
2021-07-07,113.1048,1.33,0.22,20633.3
2021-07-08,113.0776,1.3,0.19,20633.3
2021-07-09,112.8375,1.37,0.23,20633.3
2021-07-12,112.7611,1.38,0.23,20633.3
2021-07-13,113.0063,1.42,0.26,20633.3
2021-07-14,112.8801,1.37,0.23,20633.3
2021-07-15,113.0041,1.31,0.23,20633.3
2021-07-16,113.0428,1.31,0.25,20633.3
2021-07-19,113.5472,1.19,0.21,20633.3
2021-07-20,113.7502,1.23,0.2,20633.3
2021-07-21,113.3926,1.3,0.22,20633.3
2021-07-22,113.4695,1.27,0.2,20633.3
2021-07-23,113.4398,1.3,0.22,20633.3
2021-07-26,113.2238,1.29,0.22,20633.3
2021-07-27,113.2227,1.25,0.2,20633.3
2021-07-28,113.1807,1.26,0.2,20633.3
2021-07-29,112.4834,1.28,0.2,20633.3
2021-07-30,112.6714,1.24,0.19,20633.3
2021-08-01,112.6714,1.24,0.19,20840.9
2021-08-02,112.6691,1.2,0.17,20840.9
2021-08-03,112.8228,1.19,0.17,20840.9
2021-08-04,112.8953,1.19,0.17,20840.9
2021-08-05,112.7674,1.23,0.21,20840.9
2021-08-06,113.3088,1.31,0.21,20840.9
2021-08-09,113.4521,1.33,0.23,20840.9
2021-08-10,113.4973,1.36,0.24,20840.9
2021-08-11,113.282,1.35,0.23,20840.9
2021-08-12,113.2691,1.36,0.23,20840.9
2021-08-13,113.0615,1.29,0.23,20840.9
2021-08-16,113.1698,1.26,0.21,20840.9
2021-08-17,113.6174,1.26,0.23,20840.9
2021-08-18,113.6959,1.27,0.23,20840.9
2021-08-19,114.1106,1.24,0.22,20840.9
2021-08-20,114.5009,1.26,0.23,20840.9
2021-08-23,113.9418,1.25,0.23,20840.9
2021-08-24,113.6795,1.29,0.24,20840.9
2021-08-25,113.6322,1.35,0.23,20840.9
2021-08-26,113.7883,1.34,0.25,20840.9
2021-08-27,113.3404,1.31,0.22,20840.9
2021-08-30,113.246,1.29,0.2,20840.9
2021-08-31,113.1076,1.3,0.2,20840.9
2021-09-01,112.8732,1.31,0.2,20981.0
2021-09-02,112.7863,1.29,0.2,20981.0
2021-09-03,112.5476,1.33,0.21,20981.0
2021-09-06,112.5476,1.33,0.21,20981.0
2021-09-07,112.9795,1.38,0.22,20981.0
2021-09-08,113.2319,1.35,0.22,20981.0
2021-09-09,113.043,1.3,0.23,20981.0
2021-09-10,112.9425,1.35,0.23,20981.0
2021-09-13,113.0341,1.33,0.21,20981.0
2021-09-14,113.0061,1.28,0.21,20981.0
2021-09-15,112.9773,1.31,0.21,20981.0
2021-09-16,113.3036,1.34,0.23,20981.0
2021-09-17,113.5989,1.37,0.23,20981.0
2021-09-20,113.9422,1.31,0.23,20981.0
2021-09-21,113.8179,1.33,0.22,20981.0
2021-09-22,113.6223,1.32,0.25,20981.0
2021-09-23,113.513,1.41,0.27,20981.0
2021-09-24,113.7597,1.47,0.29,20981.0
2021-09-27,113.7432,1.48,0.31,20981.0
2021-09-28,114.2469,1.54,0.31,20981.0
2021-09-29,114.7092,1.55,0.3,20981.0
2021-09-30,114.6403,1.52,0.28,20981.0
2021-10-01,114.3798,1.48,0.27,21160.6
2021-10-04,114.2739,1.49,0.27,21160.6
2021-10-05,114.3654,1.54,0.28,21160.6
2021-10-06,114.7185,1.53,0.3,21160.6
2021-10-07,114.5044,1.58,0.32,21160.6
2021-10-08,114.5986,1.61,0.32,21160.6
2021-10-11,114.5986,1.61,0.32,21160.6
2021-10-12,114.7542,1.59,0.35,21160.6
2021-10-13,114.4705,1.56,0.37,21160.6
2021-10-14,114.2053,1.52,0.36,21160.6
2021-10-15,114.0905,1.59,0.41,21160.6
2021-10-18,113.9899,1.59,0.44,21160.6
2021-10-19,113.647,1.65,0.41,21160.6
2021-10-20,113.5083,1.65,0.4,21160.6
2021-10-21,113.6188,1.68,0.45,21160.6
2021-10-22,113.67,1.66,0.48,21160.6
2021-10-25,113.605,1.64,0.47,21160.6
2021-10-26,113.674,1.63,0.47,21160.6
2021-10-27,113.6218,1.54,0.5,21160.6
2021-10-28,113.4389,1.57,0.5,21160.6
2021-10-29,114.1349,1.55,0.48,21160.6
2021-11-01,114.2067,1.58,0.5,21335.5
2021-11-02,114.2847,1.56,0.46,21335.5
2021-11-03,114.3593,1.6,0.47,21335.5
2021-11-04,114.3558,1.53,0.41,21335.5
2021-11-05,114.0732,1.45,0.39,21335.5
2021-11-08,113.8256,1.51,0.45,21335.5
2021-11-09,113.762,1.46,0.41,21335.5
2021-11-10,114.1484,1.56,0.51,21335.5
2021-11-11,114.1484,1.56,0.51,21335.5
2021-11-12,114.5144,1.58,0.53,21335.5
2021-11-15,114.5876,1.63,0.53,21335.5
2021-11-16,115.136,1.63,0.54,21335.5
2021-11-17,115.0263,1.6,0.52,21335.5
2021-11-18,115.0678,1.59,0.52,21335.5
2021-11-19,115.2187,1.54,0.52,21335.5
2021-11-22,115.6481,1.63,0.63,21335.5
2021-11-23,116.0118,1.67,0.6,21335.5
2021-11-24,116.2711,1.64,0.64,21335.5
2021-11-25,116.2711,1.64,0.64,21335.5
2021-11-26,116.5103,1.48,0.5,21335.5
2021-11-29,116.581,1.52,0.51,21335.5
2021-11-30,116.2071,1.43,0.52,21335.5
2021-12-01,115.889,1.43,0.56,21498.5
2021-12-02,116.018,1.44,0.63,21498.5
2021-12-03,116.2377,1.35,0.6,21498.5
2021-12-06,116.1538,1.43,0.65,21498.5
2021-12-07,115.8555,1.48,0.7,21498.5
2021-12-08,115.4418,1.52,0.68,21498.5
2021-12-09,115.7784,1.49,0.7,21498.5
2021-12-10,115.5732,1.48,0.67,21498.5
2021-12-13,115.842,1.42,0.66,21498.5
2021-12-14,116.2397,1.44,0.67,21498.5
2021-12-15,116.4219,1.47,0.69,21498.5
2021-12-16,115.7146,1.44,0.64,21498.5
2021-12-17,115.791,1.41,0.66,21498.5
2021-12-20,116.0092,1.43,0.65,21498.5
2021-12-21,116.1089,1.48,0.7,21498.5
2021-12-22,115.7485,1.46,0.68,21498.5
2021-12-23,115.5337,1.5,0.71,21498.5
2021-12-24,115.5337,1.5,0.71,21498.5
2021-12-27,115.4684,1.48,0.76,21498.5
2021-12-28,115.4192,1.49,0.74,21498.5
2021-12-29,115.3678,1.55,0.75,21498.5
2021-12-30,115.283,1.52,0.73,21498.5
2021-12-31,115.283,1.52,0.73,21498.5
2022-01-01,115.283,1.52,0.73,21650.1
2022-01-03,115.4101,1.63,0.78,21650.1
2022-01-04,115.3103,1.66,0.77,21650.1
2022-01-05,115.137,1.71,0.83,21650.1
2022-01-06,115.4046,1.73,0.88,21650.1
2022-01-07,115.0451,1.76,0.87,21650.1
2022-01-10,115.2216,1.78,0.92,21650.1
2022-01-11,114.8332,1.75,0.9,21650.1
2022-01-12,114.355,1.74,0.92,21650.1
2022-01-13,114.177,1.7,0.91,21650.1
2022-01-14,114.3825,1.78,0.99,21650.1
2022-01-17,114.3825,1.78,0.99,21650.1
2022-01-18,114.7373,1.87,1.06,21650.1
2022-01-19,114.6109,1.83,1.04,21650.1
2022-01-20,114.4642,1.83,1.08,21650.1
2022-01-21,114.6125,1.75,1.01,21650.1
2022-01-24,115.2034,1.75,0.99,21650.1
2022-01-25,115.1654,1.78,1.02,21650.1
2022-01-26,115.0922,1.85,1.13,21650.1
2022-01-27,115.978,1.81,1.18,21650.1
2022-01-28,116.0393,1.78,1.15,21650.1
2022-01-31,115.566,1.79,1.18,21650.1
2022-02-01,115.3685,1.81,1.18,21725.2
2022-02-02,115.1538,1.78,1.16,21725.2
2022-02-03,114.9065,1.82,1.19,21725.2
2022-02-04,115.1362,1.93,1.31,21725.2
2022-02-07,115.0098,1.92,1.3,21725.2
2022-02-08,115.0892,1.96,1.35,21725.2
2022-02-09,114.8232,1.94,1.36,21725.2
2022-02-10,114.5527,2.03,1.61,21725.2
2022-02-11,114.8413,1.92,1.5,21725.2
2022-02-14,115.1946,1.98,1.58,21725.2
2022-02-15,114.93,2.05,1.58,21725.2
2022-02-16,114.6886,2.03,1.52,21725.2
2022-02-17,114.6755,1.97,1.49,21725.2
2022-02-18,114.7982,1.92,1.47,21725.2
2022-02-21,114.7982,1.92,1.47,21725.2
2022-02-22,114.7002,1.94,1.56,21725.2
2022-02-23,114.6668,1.99,1.58,21725.2
2022-02-24,115.9419,1.96,1.54,21725.2
2022-02-25,115.2577,1.97,1.55,21725.2
2022-02-28,115.2224,1.83,1.44,21725.2
2022-03-01,115.7962,1.72,1.31,21787.2
2022-03-02,115.7623,1.86,1.5,21787.2
2022-03-03,115.9495,1.86,1.53,21787.2
2022-03-04,116.6503,1.74,1.5,21787.2
2022-03-07,117.3278,1.78,1.55,21787.2
2022-03-08,117.6176,1.86,1.63,21787.2
2022-03-09,116.5961,1.94,1.68,21787.2
2022-03-10,116.7401,1.98,1.72,21787.2
2022-03-11,117.0192,2.0,1.75,21787.2
2022-03-14,117.1506,2.14,1.87,21787.2
2022-03-15,117.246,2.15,1.85,21787.2
2022-03-16,116.8073,2.19,1.95,21787.2
2022-03-17,116.0467,2.2,1.94,21787.2
2022-03-18,116.1378,2.14,1.97,21787.2
2022-03-21,115.9398,2.32,2.14,21787.2
2022-03-22,116.0824,2.38,2.18,21787.2
2022-03-23,116.005,2.32,2.13,21787.2
2022-03-24,115.9599,2.34,2.13,21787.2
2022-03-25,115.7921,2.48,2.3,21787.2
2022-03-28,116.1911,2.46,2.35,21787.2
2022-03-29,115.5679,2.41,2.35,21787.2
2022-03-30,115.0818,2.35,2.31,21787.2
2022-03-31,115.2218,2.32,2.28,21787.2
2022-04-01,115.4814,2.39,2.44,21769.4
2022-04-04,115.4112,2.42,2.43,21769.4
2022-04-05,115.73,2.54,2.51,21769.4
2022-04-06,115.9995,2.61,2.5,21769.4
2022-04-07,116.3512,2.66,2.47,21769.4
2022-04-08,116.4176,2.72,2.53,21769.4
2022-04-11,116.5401,2.79,2.5,21769.4
2022-04-12,116.3866,2.72,2.39,21769.4
2022-04-13,116.2796,2.7,2.37,21769.4
2022-04-14,116.7558,2.83,2.47,21769.4
2022-04-15,116.7017,2.83,2.47,21769.4
2022-04-18,116.8441,2.85,2.46,21769.4
2022-04-19,117.1324,2.93,2.61,21769.4
2022-04-20,116.7306,2.85,2.6,21769.4
2022-04-21,117.1432,2.9,2.68,21769.4
2022-04-22,118.0186,2.9,2.72,21769.4
2022-04-25,118.6271,2.81,2.63,21769.4
2022-04-26,118.9624,2.77,2.54,21769.4
2022-04-27,119.4708,2.82,2.58,21769.4
2022-04-28,120.0675,2.85,2.63,21769.4
2022-04-29,119.4933,2.89,2.7,21769.4
2022-05-01,119.4933,2.89,2.7,21719.9
2022-05-02,119.8825,2.99,2.73,21719.9
2022-05-03,119.7043,2.97,2.78,21719.9
2022-05-04,119.5592,2.93,2.66,21719.9
2022-05-05,120.0068,3.05,2.71,21719.9
2022-05-06,119.8577,3.12,2.72,21719.9
2022-05-09,120.4972,3.05,2.61,21719.9
2022-05-10,120.7742,2.99,2.62,21719.9
2022-05-11,120.3925,2.91,2.66,21719.9
2022-05-12,121.2796,2.84,2.56,21719.9
2022-05-13,120.8442,2.93,2.61,21719.9
2022-05-16,120.6881,2.88,2.58,21719.9
2022-05-17,119.8871,2.98,2.71,21719.9
2022-05-18,120.0274,2.89,2.68,21719.9
2022-05-19,119.4278,2.84,2.63,21719.9
2022-05-20,119.3677,2.78,2.6,21719.9
2022-05-23,118.7169,2.86,2.65,21719.9
2022-05-24,118.6245,2.76,2.5,21719.9
2022-05-25,118.9598,2.75,2.48,21719.9
2022-05-26,118.7687,2.75,2.46,21719.9
2022-05-27,118.2834,2.74,2.47,21719.9
2022-05-30,118.2834,2.74,2.47,21719.9
2022-05-31,118.0704,2.85,2.53,21719.9
2022-06-01,118.6954,2.94,2.66,21651.5
2022-06-02,118.0658,2.92,2.65,21651.5
2022-06-03,118.2153,2.96,2.66,21651.5
2022-06-06,118.3081,3.04,2.73,21651.5
2022-06-07,118.4414,2.98,2.75,21651.5
2022-06-08,118.3951,3.03,2.78,21651.5
2022-06-09,118.9226,3.04,2.83,21651.5
2022-06-10,119.9981,3.15,3.06,21651.5
2022-06-13,121.1523,3.43,3.4,21651.5
2022-06-14,121.6669,3.49,3.45,21651.5
2022-06-15,121.6403,3.33,3.2,21651.5
2022-06-16,120.6714,3.28,3.14,21651.5
2022-06-17,121.2369,3.25,3.17,21651.5
2022-06-20,121.2369,3.25,3.17,21651.5
2022-06-21,120.6427,3.31,3.21,21651.5
2022-06-22,120.5197,3.16,3.06,21651.5
2022-06-23,120.7622,3.09,3.01,21651.5
2022-06-24,120.4853,3.13,3.04,21651.5
2022-06-27,120.1736,3.2,3.08,21651.5
2022-06-28,120.62,3.2,3.1,21651.5
2022-06-29,120.9616,3.1,3.06,21651.5
2022-06-30,120.9652,2.98,2.92,21651.5
2022-07-01,121.5058,2.88,2.84,21652.9
2022-07-04,121.5058,2.88,2.84,21652.9
2022-07-05,122.6203,2.82,2.82,21652.9
2022-07-06,123.0073,2.93,2.97,21652.9
2022-07-07,122.7257,3.01,3.03,21652.9
2022-07-08,122.4662,3.09,3.12,21652.9
2022-07-11,123.2974,2.99,3.07,21652.9
2022-07-12,123.4524,2.96,3.03,21652.9
2022-07-13,123.2834,2.91,3.13,21652.9
2022-07-14,124.0622,2.96,3.15,21652.9
2022-07-15,123.4765,2.93,3.13,21652.9
2022-07-18,122.7727,2.96,3.15,21652.9
2022-07-19,122.4819,3.01,3.23,21652.9
2022-07-20,122.5997,3.04,3.25,21652.9
2022-07-21,122.9032,2.91,3.1,21652.9
2022-07-22,122.451,2.77,2.98,21652.9
2022-07-25,122.4594,2.81,3.0,21652.9
2022-07-26,122.7581,2.81,3.02,21652.9
2022-07-27,122.8169,2.78,2.96,21652.9
2022-07-28,122.1161,2.68,2.85,21652.9
2022-07-29,121.7678,2.67,2.89,21652.9
2022-08-01,121.4109,2.6,2.9,21638.4
2022-08-02,121.9486,2.75,3.06,21638.4
2022-08-03,122.3888,2.73,3.1,21638.4
2022-08-04,121.8333,2.68,3.03,21638.4
2022-08-05,122.321,2.83,3.24,21638.4
2022-08-08,121.8783,2.77,3.21,21638.4
2022-08-09,121.8614,2.8,3.28,21638.4
2022-08-10,120.7543,2.78,3.23,21638.4
2022-08-11,120.7163,2.87,3.23,21638.4
2022-08-12,121.018,2.84,3.25,21638.4
2022-08-15,121.4315,2.79,3.2,21638.4
2022-08-16,121.6807,2.82,3.25,21638.4
2022-08-17,122.0711,2.89,3.28,21638.4
2022-08-18,122.3627,2.88,3.22,21638.4
2022-08-19,123.0501,2.98,3.25,21638.4
2022-08-22,123.605,3.03,3.32,21638.4
2022-08-23,123.0547,3.05,3.29,21638.4
2022-08-24,123.109,3.11,3.36,21638.4
2022-08-25,123.0586,3.03,3.35,21638.4
2022-08-26,123.0656,3.04,3.37,21638.4
2022-08-29,123.4686,3.12,3.42,21638.4
2022-08-30,123.6848,3.11,3.46,21638.4
2022-08-31,123.535,3.15,3.45,21638.4
2022-09-01,124.4006,3.26,3.51,21536.7
2022-09-02,123.7743,3.2,3.4,21536.7
2022-09-05,123.7743,3.2,3.4,21536.7
2022-09-06,124.767,3.33,3.5,21536.7
2022-09-07,124.8408,3.27,3.45,21536.7
2022-09-08,124.578,3.29,3.48,21536.7
2022-09-09,123.7874,3.33,3.56,21536.7
2022-09-12,123.3332,3.37,3.58,21536.7
2022-09-13,124.4242,3.42,3.75,21536.7
2022-09-14,124.4509,3.41,3.78,21536.7
2022-09-15,124.8843,3.45,3.87,21536.7
2022-09-16,124.8794,3.45,3.85,21536.7
2022-09-19,125.0104,3.49,3.95,21536.7
2022-09-20,125.1248,3.57,3.96,21536.7
2022-09-21,125.7399,3.51,4.02,21536.7
2022-09-22,126.1667,3.7,4.11,21536.7
2022-09-23,127.2853,3.69,4.2,21536.7
2022-09-26,128.4539,3.88,4.27,21536.7
2022-09-27,128.4386,3.97,4.3,21536.7
2022-09-28,128.0884,3.72,4.07,21536.7
2022-09-29,127.5437,3.76,4.16,21536.7
2022-09-30,127.5148,3.83,4.22,21536.7
2022-10-01,127.5148,3.83,4.22,21461.7
2022-10-03,127.0813,3.67,4.12,21461.7
2022-10-04,126.1819,3.62,4.1,21461.7
2022-10-05,126.8616,3.76,4.15,21461.7
2022-10-06,127.2493,3.83,4.23,21461.7
2022-10-07,127.3111,3.89,4.3,21461.7
2022-10-10,127.3111,3.89,4.3,21461.7
2022-10-11,127.6641,3.93,4.3,21461.7
2022-10-12,128.1481,3.91,4.28,21461.7
2022-10-13,127.7286,3.97,4.47,21461.7
2022-10-14,128.3325,4.0,4.48,21461.7
2022-10-17,127.6448,4.02,4.45,21461.7
2022-10-18,127.9153,4.01,4.43,21461.7
2022-10-19,128.3968,4.14,4.55,21461.7
2022-10-20,128.0052,4.24,4.62,21461.7
2022-10-21,127.6735,4.21,4.49,21461.7
2022-10-24,128.0304,4.25,4.5,21461.7
2022-10-25,127.3771,4.1,4.42,21461.7
2022-10-26,126.4723,4.04,4.39,21461.7
2022-10-27,126.7028,3.96,4.3,21461.7
2022-10-28,127.2135,4.02,4.41,21461.7
2022-10-31,127.6219,4.1,4.51,21461.7
2022-11-01,127.3987,4.07,4.54,21406.7
2022-11-02,127.3115,4.1,4.61,21406.7
2022-11-03,128.1743,4.14,4.71,21406.7
2022-11-04,127.1468,4.17,4.66,21406.7
2022-11-07,126.3062,4.22,4.72,21406.7
2022-11-08,125.633,4.14,4.67,21406.7
2022-11-09,125.9861,4.12,4.61,21406.7
2022-11-10,124.7044,3.82,4.34,21406.7
2022-11-11,124.7044,3.82,4.34,21406.7
2022-11-14,123.4277,3.88,4.4,21406.7
2022-11-15,123.039,3.8,4.37,21406.7
2022-11-16,123.2817,3.67,4.35,21406.7
2022-11-17,123.977,3.77,4.43,21406.7
2022-11-18,123.8524,3.82,4.51,21406.7
2022-11-21,124.7009,3.83,4.48,21406.7
2022-11-22,124.2365,3.76,4.47,21406.7
2022-11-23,123.7574,3.71,4.46,21406.7
2022-11-24,123.7574,3.71,4.46,21406.7
2022-11-25,123.3386,3.68,4.42,21406.7
2022-11-28,123.6032,3.69,4.46,21406.7
2022-11-29,123.6615,3.75,4.48,21406.7
2022-11-30,123.5175,3.68,4.38,21406.7
2022-12-01,122.0045,3.53,4.25,21290.9
2022-12-02,122.0102,3.51,4.28,21290.9
2022-12-05,122.6384,3.6,4.41,21290.9
2022-12-06,123.0191,3.51,4.34,21290.9
2022-12-07,122.7608,3.42,4.26,21290.9
2022-12-08,122.4152,3.48,4.31,21290.9
2022-12-09,122.4201,3.57,4.33,21290.9
2022-12-12,122.7714,3.61,4.39,21290.9
2022-12-13,121.8493,3.51,4.22,21290.9
2022-12-14,121.8226,3.49,4.23,21290.9
2022-12-15,122.5519,3.44,4.23,21290.9
2022-12-16,122.6505,3.48,4.17,21290.9
2022-12-19,122.5275,3.57,4.25,21290.9
2022-12-20,122.1357,3.69,4.25,21290.9
2022-12-21,122.2828,3.68,4.21,21290.9
2022-12-22,122.2419,3.67,4.24,21290.9
2022-12-23,121.9743,3.75,4.31,21290.9
2022-12-26,121.9743,3.75,4.31,21290.9
2022-12-27,121.7539,3.84,4.32,21290.9
2022-12-28,122.0075,3.88,4.31,21290.9
2022-12-29,121.6577,3.83,4.34,21290.9
2022-12-30,121.4256,3.88,4.41,21290.9
2023-01-01,121.4256,3.88,4.41,21279.9
2023-01-02,121.4256,3.88,4.41,21279.9
2023-01-03,122.0905,3.79,4.4,21279.9
2023-01-04,121.5008,3.69,4.36,21279.9
2023-01-05,122.1017,3.71,4.45,21279.9
2023-01-06,121.0852,3.55,4.24,21279.9
2023-01-09,120.1508,3.53,4.19,21279.9
2023-01-10,120.2483,3.61,4.24,21279.9
2023-01-11,120.1614,3.54,4.2,21279.9
2023-01-12,119.4218,3.43,4.12,21279.9
2023-01-13,119.1673,3.49,4.22,21279.9
2023-01-16,119.1673,3.49,4.22,21279.9
2023-01-17,119.2121,3.53,4.18,21279.9
2023-01-18,119.0755,3.37,4.06,21279.9
2023-01-19,119.6107,3.39,4.09,21279.9
2023-01-20,119.3486,3.48,4.14,21279.9
2023-01-23,119.1434,3.52,4.21,21279.9
2023-01-24,119.0958,3.46,4.12,21279.9
2023-01-25,118.9686,3.46,4.11,21279.9
2023-01-26,119.021,3.49,4.17,21279.9
2023-01-27,118.9223,3.52,4.19,21279.9
2023-01-30,118.8953,3.55,4.25,21279.9
2023-01-31,118.9802,3.52,4.21,21279.9
2023-02-01,118.6259,3.39,4.09,21243.7
2023-02-02,118.3421,3.4,4.09,21243.7
2023-02-03,119.5095,3.53,4.3,21243.7
2023-02-06,120.541,3.63,4.44,21243.7
2023-02-07,120.3475,3.67,4.47,21243.7
2023-02-08,120.1436,3.63,4.45,21243.7
2023-02-09,119.9781,3.67,4.48,21243.7
2023-02-10,120.1419,3.74,4.5,21243.7
2023-02-13,119.9828,3.72,4.52,21243.7
2023-02-14,119.9229,3.77,4.6,21243.7
2023-02-15,120.4557,3.81,4.62,21243.7
2023-02-16,120.4651,3.86,4.62,21243.7
2023-02-17,120.5526,3.82,4.6,21243.7
2023-02-20,120.5526,3.82,4.6,21243.7
2023-02-21,120.6256,3.95,4.67,21243.7
2023-02-22,120.8389,3.93,4.66,21243.7
2023-02-23,121.0896,3.88,4.66,21243.7
2023-02-24,121.5681,3.95,4.78,21243.7
2023-02-27,121.3941,3.92,4.78,21243.7
2023-02-28,121.3341,3.92,4.81,21243.7
2023-03-01,120.6347,4.01,4.89,20947.4
2023-03-02,121.1302,4.08,4.89,20947.4
2023-03-03,120.7742,3.97,4.86,20947.4
2023-03-06,120.485,3.98,4.89,20947.4
2023-03-07,121.4623,3.97,5.0,20947.4
2023-03-08,121.4511,3.98,5.05,20947.4
2023-03-09,121.4458,3.93,4.9,20947.4
2023-03-10,121.2421,3.7,4.6,20947.4
2023-03-13,120.8897,3.55,4.03,20947.4
2023-03-14,121.0141,3.64,4.2,20947.4
2023-03-15,122.1079,3.51,3.93,20947.4
2023-03-16,121.7221,3.56,4.14,20947.4
2023-03-17,121.5643,3.39,3.81,20947.4
2023-03-20,121.0141,3.47,3.92,20947.4
2023-03-21,120.8958,3.59,4.17,20947.4
2023-03-22,120.6217,3.48,3.96,20947.4
2023-03-23,119.7587,3.38,3.76,20947.4
2023-03-24,120.4598,3.38,3.76,20947.4
2023-03-27,120.2541,3.53,3.94,20947.4
2023-03-28,119.7138,3.55,4.02,20947.4
2023-03-29,119.7258,3.57,4.08,20947.4
2023-03-30,119.4078,3.55,4.1,20947.4
2023-03-31,119.3602,3.48,4.06,20947.4
2023-04-01,119.3602,3.48,4.06,20761.4
2023-04-03,119.3204,3.43,3.97,20761.4
2023-04-04,119.142,3.35,3.84,20761.4
2023-04-05,119.2953,3.3,3.79,20761.4
2023-04-06,119.3072,3.3,3.82,20761.4
2023-04-07,119.3547,3.39,3.97,20761.4
2023-04-10,119.7948,3.41,4.0,20761.4
2023-04-11,119.5248,3.43,4.03,20761.4
2023-04-12,119.003,3.41,3.95,20761.4
2023-04-13,118.3915,3.45,3.96,20761.4
2023-04-14,118.8567,3.52,4.08,20761.4
2023-04-17,119.2787,3.6,4.18,20761.4
2023-04-18,119.1049,3.58,4.19,20761.4
2023-04-19,119.303,3.6,4.24,20761.4
2023-04-20,119.1199,3.54,4.14,20761.4
2023-04-21,119.3117,3.57,4.17,20761.4
2023-04-24,119.2039,3.52,4.12,20761.4
2023-04-25,119.613,3.4,3.86,20761.4
2023-04-26,119.3228,3.43,3.9,20761.4
2023-04-27,119.4298,3.53,4.07,20761.4
2023-04-28,119.2248,3.44,4.04,20761.4
2023-05-01,119.4435,3.59,4.14,20829.6
2023-05-02,119.6105,3.44,3.97,20829.6
2023-05-03,119.1233,3.38,3.89,20829.6
2023-05-04,119.0465,3.37,3.75,20829.6
2023-05-05,118.5548,3.44,3.92,20829.6
2023-05-08,118.5759,3.52,4.0,20829.6
2023-05-09,118.8239,3.53,4.01,20829.6
2023-05-10,118.5864,3.43,3.9,20829.6
2023-05-11,119.0303,3.39,3.89,20829.6
2023-05-12,119.3671,3.46,3.98,20829.6
2023-05-15,119.1608,3.5,3.99,20829.6
2023-05-16,119.1743,3.54,4.06,20829.6
2023-05-17,119.607,3.57,4.12,20829.6
2023-05-18,120.0886,3.65,4.24,20829.6
2023-05-19,119.7751,3.7,4.28,20829.6
2023-05-22,120.0875,3.72,4.29,20829.6
2023-05-23,120.3204,3.7,4.26,20829.6
2023-05-24,120.4752,3.73,4.31,20829.6
2023-05-25,120.8413,3.83,4.5,20829.6
2023-05-26,120.6304,3.8,4.54,20829.6
2023-05-29,120.6304,3.8,4.54,20829.6
2023-05-30,120.5546,3.69,4.46,20829.6
2023-05-31,120.9662,3.64,4.4,20829.6
2023-06-01,120.0491,3.61,4.33,20799.4
2023-06-02,120.0049,3.69,4.5,20799.4
2023-06-05,120.0048,3.69,4.46,20799.4
2023-06-06,119.9718,3.7,4.51,20799.4
2023-06-07,119.859,3.79,4.56,20799.4
2023-06-08,119.5712,3.73,4.52,20799.4
2023-06-09,119.4322,3.75,4.59,20799.4
2023-06-12,119.6376,3.73,4.55,20799.4
2023-06-13,119.1899,3.84,4.67,20799.4
2023-06-14,118.776,3.83,4.74,20799.4
2023-06-15,118.5521,3.72,4.62,20799.4
2023-06-16,118.4184,3.77,4.7,20799.4
2023-06-19,118.4184,3.77,4.7,20799.4
2023-06-20,118.938,3.74,4.68,20799.4
2023-06-21,118.727,3.72,4.68,20799.4
2023-06-22,118.7552,3.8,4.77,20799.4
2023-06-23,119.152,3.74,4.71,20799.4
2023-06-26,119.0761,3.72,4.65,20799.4
2023-06-27,118.8949,3.77,4.74,20799.4
2023-06-28,119.3382,3.71,4.71,20799.4
2023-06-29,119.527,3.85,4.87,20799.4
2023-06-30,119.3606,3.81,4.87,20799.4
2023-07-01,119.3606,3.81,4.87,20791.4
2023-07-03,119.2119,3.86,4.94,20791.4
2023-07-04,119.2119,3.86,4.94,20791.4
2023-07-05,119.3483,3.95,4.94,20791.4
2023-07-06,119.8193,4.05,4.99,20791.4
2023-07-07,119.0761,4.06,4.94,20791.4
2023-07-10,118.9548,4.01,4.85,20791.4
2023-07-11,118.7344,3.99,4.88,20791.4
2023-07-12,117.6385,3.86,4.72,20791.4
2023-07-13,117.1831,3.76,4.59,20791.4
2023-07-14,117.0463,3.83,4.74,20791.4
2023-07-17,117.1267,3.81,4.74,20791.4
2023-07-18,117.0264,3.8,4.74,20791.4
2023-07-19,117.3462,3.75,4.74,20791.4
2023-07-20,117.5947,3.85,4.8,20791.4
2023-07-21,117.9418,3.84,4.82,20791.4
2023-07-24,117.8124,3.86,4.81,20791.4
2023-07-25,117.8565,3.91,4.85,20791.4
2023-07-26,117.76,3.86,4.82,20791.4
2023-07-27,117.8938,4.01,4.91,20791.4
2023-07-28,117.788,3.96,4.87,20791.4
2023-07-31,117.8241,3.97,4.88,20791.4
2023-08-01,118.5738,4.05,4.92,20777.5
2023-08-02,119.1268,4.08,4.88,20777.5
2023-08-03,119.3963,4.2,4.9,20777.5
2023-08-04,118.821,4.05,4.78,20777.5
2023-08-07,119.0809,4.09,4.76,20777.5
2023-08-08,119.6407,4.02,4.74,20777.5
2023-08-09,119.476,4.0,4.79,20777.5
2023-08-10,119.1581,4.09,4.82,20777.5
2023-08-11,119.6268,4.16,4.89,20777.5
2023-08-14,120.0725,4.19,4.96,20777.5
2023-08-15,120.2127,4.21,4.92,20777.5
2023-08-16,120.3551,4.28,4.97,20777.5
2023-08-17,120.5242,4.3,4.94,20777.5
2023-08-18,120.4321,4.26,4.92,20777.5
2023-08-21,120.4627,4.34,4.97,20777.5
2023-08-22,120.3554,4.34,5.02,20777.5
2023-08-23,120.0307,4.19,4.95,20777.5
2023-08-24,120.2354,4.23,4.98,20777.5
2023-08-25,120.5137,4.25,5.03,20777.5
2023-08-28,120.3155,4.2,4.98,20777.5
2023-08-29,120.2669,4.12,4.87,20777.5
2023-08-30,119.7937,4.12,4.9,20777.5
2023-08-31,120.225,4.09,4.85,20777.5
2023-09-01,120.759,4.18,4.87,20747.8
2023-09-04,120.759,4.18,4.87,20747.8
2023-09-05,121.4345,4.27,4.94,20747.8
2023-09-06,121.8671,4.3,5.01,20747.8
2023-09-07,121.9528,4.27,4.94,20747.8
2023-09-08,121.9475,4.26,4.98,20747.8
2023-09-11,121.3386,4.29,4.97,20747.8
2023-09-12,121.2913,4.27,4.98,20747.8
2023-09-13,121.0549,4.25,4.96,20747.8
2023-09-14,121.2395,4.29,5.0,20747.8
2023-09-15,121.199,4.33,5.02,20747.8
2023-09-18,121.1938,4.32,5.05,20747.8
2023-09-19,121.1645,4.37,5.08,20747.8
2023-09-20,120.9648,4.35,5.12,20747.8
2023-09-21,121.5528,4.49,5.12,20747.8
2023-09-22,121.5306,4.44,5.1,20747.8
2023-09-25,122.1143,4.55,5.09,20747.8
2023-09-26,122.4742,4.56,5.04,20747.8
2023-09-27,122.9895,4.61,5.1,20747.8
2023-09-28,122.5342,4.59,5.04,20747.8
2023-09-29,122.3077,4.59,5.03,20747.8
2023-10-01,122.3077,4.59,5.03,20732.9
2023-10-02,123.0545,4.69,5.12,20732.9
2023-10-03,123.7848,4.81,5.15,20732.9
2023-10-04,123.5946,4.73,5.05,20732.9
2023-10-05,123.8993,4.72,5.03,20732.9
2023-10-06,123.3563,4.78,5.08,20732.9
2023-10-09,123.3563,4.78,5.08,20732.9
2023-10-10,122.9282,4.66,4.96,20732.9
2023-10-11,122.7697,4.58,4.99,20732.9
2023-10-12,123.2101,4.7,5.06,20732.9
2023-10-13,123.5954,4.63,5.04,20732.9
2023-10-16,123.3185,4.71,5.09,20732.9
2023-10-17,123.1202,4.83,5.19,20732.9
2023-10-18,123.8148,4.91,5.19,20732.9
2023-10-19,123.798,4.98,5.14,20732.9
2023-10-20,123.612,4.93,5.07,20732.9
2023-10-23,123.2846,4.86,5.05,20732.9
2023-10-24,123.6416,4.83,5.02,20732.9
2023-10-25,123.7871,4.95,5.08,20732.9
2023-10-26,124.0064,4.86,5.02,20732.9
2023-10-27,123.62,4.84,4.99,20732.9
2023-10-30,123.4076,4.88,5.03,20732.9
2023-10-31,123.8364,4.88,5.07,20732.9
2023-11-01,123.7922,4.77,4.95,20746.4
2023-11-02,122.8818,4.67,4.98,20746.4
2023-11-03,121.7564,4.57,4.83,20746.4
2023-11-06,121.6484,4.67,4.93,20746.4
2023-11-07,122.0777,4.58,4.91,20746.4
2023-11-08,122.0926,4.49,4.93,20746.4
2023-11-09,122.1281,4.62,5.03,20746.4
2023-11-10,122.1281,4.61,5.04,20746.4
2023-11-13,122.4264,4.63,5.02,20746.4
2023-11-14,121.35,4.44,4.8,20746.4
2023-11-15,121.0749,4.53,4.9,20746.4
2023-11-16,121.1754,4.45,4.83,20746.4
2023-11-17,120.8477,4.44,4.88,20746.4
2023-11-20,120.2533,4.42,4.89,20746.4
2023-11-21,120.2241,4.41,4.86,20746.4
2023-11-22,120.6802,4.42,4.89,20746.4
2023-11-23,120.6802,4.42,4.89,20746.4
2023-11-24,120.2105,4.47,4.92,20746.4
2023-11-27,120.173,4.39,4.84,20746.4
2023-11-28,119.5904,4.34,4.73,20746.4
2023-11-29,119.8159,4.27,4.64,20746.4
2023-11-30,120.2434,4.37,4.73,20746.4
2023-12-01,119.9424,4.22,4.56,20777.8
2023-12-04,120.4727,4.28,4.64,20777.8
2023-12-05,120.7913,4.18,4.57,20777.8
2023-12-06,120.5334,4.12,4.6,20777.8
2023-12-07,120.6013,4.14,4.58,20777.8
2023-12-08,120.7607,4.23,4.71,20777.8
2023-12-11,120.9279,4.23,4.71,20777.8
2023-12-12,120.6817,4.2,4.73,20777.8
2023-12-13,121.1571,4.04,4.46,20777.8
2023-12-14,119.5683,3.92,4.37,20777.8
2023-12-15,119.7382,3.91,4.44,20777.8
2023-12-18,119.9102,3.95,4.43,20777.8
2023-12-19,119.4632,3.93,4.41,20777.8
2023-12-20,119.5435,3.86,4.34,20777.8
2023-12-21,119.3168,3.89,4.33,20777.8
2023-12-22,119.0625,3.9,4.31,20777.8
2023-12-25,119.0625,3.9,4.31,20777.8
2023-12-26,118.8875,3.89,4.26,20777.8
2023-12-27,118.4729,3.79,4.2,20777.8
2023-12-28,118.4104,3.84,4.26,20777.8
2023-12-29,118.4208,3.88,4.23,20777.8
2024-01-01,118.4208,3.88,4.23,20843.7
2024-01-02,119.2686,3.95,4.33,20843.7
2024-01-03,119.6958,3.91,4.33,20843.7
2024-01-04,119.6208,3.99,4.38,20843.7
2024-01-05,119.388,4.05,4.4,20843.7
2024-01-08,119.2506,4.01,4.36,20843.7
2024-01-09,119.6666,4.02,4.36,20843.7
2024-01-10,119.7614,4.04,4.37,20843.7
2024-01-11,119.8916,3.98,4.26,20843.7
2024-01-12,119.534,3.96,4.14,20843.7
2024-01-15,119.534,3.96,4.14,20843.7
2024-01-16,120.5759,4.07,4.22,20843.7
2024-01-17,121.0402,4.1,4.34,20843.7
2024-01-18,120.8895,4.14,4.34,20843.7
2024-01-19,120.6442,4.15,4.39,20843.7
2024-01-22,120.6178,4.11,4.37,20843.7
2024-01-23,121.1001,4.14,4.31,20843.7
2024-01-24,120.4916,4.18,4.34,20843.7
2024-01-25,120.8311,4.14,4.28,20843.7
2024-01-26,120.6173,4.15,4.34,20843.7
2024-01-29,120.8538,4.08,4.29,20843.7
2024-01-30,120.6025,4.06,4.36,20843.7
2024-01-31,120.4331,3.99,4.27,20843.7
2024-02-01,120.3335,3.87,4.2,20926.9
2024-02-02,120.902,4.03,4.36,20926.9
2024-02-05,121.349,4.17,4.46,20926.9
2024-02-06,120.9588,4.09,4.39,20926.9
2024-02-07,120.9049,4.09,4.41,20926.9
2024-02-08,121.0798,4.15,4.46,20926.9
2024-02-09,121.039,4.17,4.48,20926.9
2024-02-12,120.9378,4.17,4.46,20926.9
2024-02-13,121.5202,4.31,4.64,20926.9
2024-02-14,121.4002,4.27,4.56,20926.9
2024-02-15,121.2121,4.24,4.56,20926.9
2024-02-16,121.1505,4.3,4.64,20926.9
2024-02-19,121.1505,4.3,4.64,20926.9
2024-02-20,121.0199,4.27,4.59,20926.9
2024-02-21,121.0379,4.32,4.64,20926.9
2024-02-22,121.102,4.33,4.69,20926.9
2024-02-23,121.0369,4.26,4.67,20926.9
2024-02-26,121.0592,4.28,4.69,20926.9
2024-02-27,120.9647,4.31,4.7,20926.9
2024-02-28,121.128,4.27,4.64,20926.9
2024-02-29,121.1824,4.25,4.64,20926.9
2024-03-01,121.0111,4.19,4.54,20973.2
2024-03-04,120.872,4.22,4.61,20973.2
2024-03-05,120.8846,4.13,4.54,20973.2
2024-03-06,120.4649,4.11,4.55,20973.2
2024-03-07,120.1909,4.09,4.5,20973.2
2024-03-08,119.975,4.09,4.48,20973.2
2024-03-11,120.0394,4.1,4.51,20973.2
2024-03-12,120.1668,4.16,4.58,20973.2
2024-03-13,119.9642,4.19,4.61,20973.2
2024-03-14,120.241,4.29,4.68,20973.2
2024-03-15,120.4003,4.31,4.72,20973.2
2024-03-18,120.5752,4.34,4.73,20973.2
2024-03-19,120.9332,4.3,4.68,20973.2
2024-03-20,120.9289,4.27,4.59,20973.2
2024-03-21,120.8086,4.27,4.62,20973.2
2024-03-22,121.1842,4.22,4.59,20973.2
2024-03-25,121.0295,4.25,4.54,20973.2
2024-03-26,121.0742,4.24,4.56,20973.2
2024-03-27,121.0089,4.2,4.54,20973.2
2024-03-28,121.0635,4.2,4.59,20973.2
2024-03-29,121.0191,4.2,4.59,20973.2
2024-04-01,121.5151,4.33,4.72,20958.8
2024-04-02,121.3035,4.36,4.7,20958.8
2024-04-03,121.0198,4.36,4.68,20958.8
2024-04-04,120.7613,4.31,4.65,20958.8
2024-04-05,120.9646,4.39,4.73,20958.8
2024-04-08,120.7359,4.42,4.78,20958.8
2024-04-09,120.7048,4.36,4.74,20958.8
2024-04-10,121.5727,4.55,4.97,20958.8
2024-04-11,121.6081,4.56,4.93,20958.8
2024-04-12,122.2885,4.5,4.88,20958.8
2024-04-15,122.425,4.63,4.93,20958.8
2024-04-16,123.1234,4.67,4.97,20958.8
2024-04-17,123.0207,4.59,4.93,20958.8
2024-04-18,123.0017,4.64,4.98,20958.8
2024-04-19,123.1075,4.62,4.97,20958.8
2024-04-22,123.0609,4.62,4.97,20958.8
2024-04-23,122.7227,4.61,4.86,20958.8
2024-04-24,122.89,4.65,4.89,20958.8
2024-04-25,122.8384,4.7,4.96,20958.8
2024-04-26,122.9471,4.67,4.96,20958.8
2024-04-29,122.5449,4.63,4.97,20958.8
2024-04-30,122.9853,4.69,5.04,20958.8
2024-05-01,123.0168,4.63,4.96,21019.9
2024-05-02,122.4384,4.58,4.87,21019.9
2024-05-03,122.1375,4.5,4.81,21019.9
2024-05-06,121.8913,4.49,4.82,21019.9
2024-05-07,122.093,4.47,4.82,21019.9
2024-05-08,122.1926,4.48,4.84,21019.9
2024-05-09,122.1634,4.45,4.8,21019.9
2024-05-10,122.014,4.5,4.87,21019.9
2024-05-13,122.0261,4.48,4.85,21019.9
2024-05-14,121.9256,4.45,4.81,21019.9
2024-05-15,121.3543,4.36,4.73,21019.9
2024-05-16,121.2236,4.38,4.78,21019.9
2024-05-17,121.2354,4.42,4.83,21019.9
2024-05-20,121.2289,4.44,4.82,21019.9
2024-05-21,121.3793,4.41,4.82,21019.9
2024-05-22,121.5462,4.43,4.86,21019.9
2024-05-23,121.7477,4.47,4.91,21019.9
2024-05-24,121.6172,4.46,4.93,21019.9
2024-05-27,121.6172,4.46,4.93,21019.9
2024-05-28,121.43,4.54,4.94,21019.9
2024-05-29,122.1641,4.61,4.96,21019.9
2024-05-30,121.9601,4.55,4.92,21019.9
2024-05-31,122.098,4.51,4.89,21019.9
2024-06-01,122.098,4.51,4.89,21067.7
2024-06-03,122.3509,4.41,4.82,21067.7
2024-06-04,122.7256,4.33,4.77,21067.7
2024-06-05,122.5339,4.29,4.72,21067.7
2024-06-06,122.3713,4.28,4.72,21067.7
2024-06-07,123.549,4.43,4.87,21067.7
2024-06-10,123.9125,4.47,4.87,21067.7
2024-06-11,124.0349,4.39,4.81,21067.7
2024-06-12,123.8295,4.31,4.75,21067.7
2024-06-13,124.0235,4.24,4.68,21067.7
2024-06-14,124.1694,4.2,4.67,21067.7
2024-06-17,124.239,4.28,4.75,21067.7
2024-06-18,123.9776,4.22,4.69,21067.7
2024-06-19,123.9776,4.22,4.69,21067.7
2024-06-20,124.192,4.25,4.7,21067.7
2024-06-21,124.1086,4.25,4.7,21067.7
2024-06-24,123.7125,4.25,4.71,21067.7
2024-06-25,123.9417,4.23,4.65,21067.7
2024-06-26,124.26,4.32,4.71,21067.7
2024-06-27,124.3379,4.29,4.7,21067.7
2024-06-28,124.2103,4.36,4.71,21067.7
2024-07-01,124.4667,4.48,4.77,21094.4
2024-07-02,124.2917,4.43,4.74,21094.4
2024-07-03,123.7768,4.36,4.71,21094.4
2024-07-04,123.7768,4.36,4.71,21094.4
2024-07-05,123.4762,4.28,4.6,21094.4
2024-07-08,123.3576,4.28,4.62,21094.4
2024-07-09,123.4071,4.3,4.62,21094.4
2024-07-10,123.1895,4.28,4.62,21094.4
2024-07-11,122.769,4.2,4.5,21094.4
2024-07-12,122.4404,4.18,4.45,21094.4
2024-07-15,122.6347,4.23,4.44,21094.4
2024-07-16,122.7264,4.17,4.43,21094.4
2024-07-17,122.518,4.16,4.42,21094.4
2024-07-18,122.7909,4.2,4.46,21094.4
2024-07-19,123.147,4.25,4.49,21094.4
2024-07-22,123.2172,4.26,4.5,21094.4
2024-07-23,123.3843,4.25,4.4,21094.4
2024-07-24,123.5575,4.28,4.37,21094.4
2024-07-25,123.5286,4.27,4.41,21094.4
2024-07-26,123.672,4.2,4.36,21094.4
2024-07-29,124.1392,4.17,4.36,21094.4
2024-07-30,124.2855,4.15,4.35,21094.4
2024-07-31,123.6373,4.09,4.29,21094.4
2024-08-01,123.8693,3.99,4.16,21185.8
2024-08-02,123.4681,3.8,3.88,21185.8
2024-08-05,123.5787,3.78,3.89,21185.8
2024-08-06,123.6532,3.9,3.99,21185.8
2024-08-07,123.5698,3.96,4.0,21185.8
2024-08-08,123.4466,3.99,4.04,21185.8
2024-08-09,122.9276,3.94,4.05,21185.8
2024-08-12,123.2204,3.9,4.01,21185.8
2024-08-13,123.0146,3.85,3.93,21185.8
2024-08-14,122.4297,3.83,3.94,21185.8
2024-08-15,122.5844,3.92,4.08,21185.8
2024-08-16,122.3972,3.89,4.06,21185.8
2024-08-19,121.8788,3.86,4.06,21185.8
2024-08-20,121.7728,3.82,3.99,21185.8
2024-08-21,121.8535,3.79,3.92,21185.8
2024-08-22,122.3626,3.86,3.99,21185.8
2024-08-23,121.4597,3.81,3.9,21185.8
2024-08-26,121.6943,3.82,3.91,21185.8
2024-08-27,121.8672,3.83,3.83,21185.8
2024-08-28,121.8943,3.84,3.83,21185.8
2024-08-29,122.2333,3.87,3.87,21185.8
2024-08-30,122.3262,3.91,3.91,21185.8
2024-09-01,122.3262,3.91,3.91,21268.6
2024-09-02,122.3262,3.91,3.91,21268.6
2024-09-03,122.7811,3.84,3.88,21268.6
2024-09-04,122.5144,3.77,3.76,21268.6
2024-09-05,122.4533,3.73,3.75,21268.6
2024-09-06,122.4991,3.72,3.66,21268.6
2024-09-09,122.7156,3.7,3.68,21268.6
2024-09-10,123.0071,3.65,3.59,21268.6
2024-09-11,122.7754,3.65,3.62,21268.6
2024-09-12,122.4423,3.68,3.64,21268.6
2024-09-13,121.6551,3.66,3.57,21268.6
2024-09-16,121.4976,3.63,3.56,21268.6
2024-09-17,121.6031,3.65,3.59,21268.6
2024-09-18,121.5618,3.7,3.61,21268.6
2024-09-19,121.3059,3.73,3.59,21268.6
2024-09-20,121.4052,3.73,3.55,21268.6
2024-09-23,121.4303,3.75,3.57,21268.6
2024-09-24,121.1291,3.74,3.49,21268.6
2024-09-25,121.4447,3.79,3.53,21268.6
2024-09-26,121.0785,3.79,3.6,21268.6
2024-09-27,121.1111,3.75,3.55,21268.6
2024-09-30,121.2864,3.81,3.66,21268.6
2024-10-01,121.6881,3.74,3.61,21331.0
2024-10-02,121.5724,3.79,3.63,21331.0
2024-10-03,122.1197,3.85,3.7,21331.0
2024-10-04,122.2197,3.98,3.93,21331.0
2024-10-07,122.4241,4.03,3.99,21331.0
2024-10-08,122.6625,4.04,3.98,21331.0
2024-10-09,122.8821,4.06,3.99,21331.0
2024-10-10,123.0951,4.09,3.98,21331.0
2024-10-11,122.9805,4.08,3.95,21331.0
2024-10-14,122.9805,4.08,3.95,21331.0
2024-10-15,123.5124,4.03,3.95,21331.0
2024-10-16,123.9235,4.02,3.93,21331.0
2024-10-17,124.1122,4.09,3.96,21331.0
2024-10-18,123.9185,4.08,3.95,21331.0
2024-10-21,124.4757,4.19,4.02,21331.0
2024-10-22,124.4107,4.2,4.03,21331.0
2024-10-23,124.6931,4.24,4.07,21331.0
2024-10-24,124.5127,4.21,4.07,21331.0
2024-10-25,124.6105,4.25,4.11,21331.0
2024-10-28,124.8076,4.28,4.12,21331.0
2024-10-29,124.8612,4.28,4.11,21331.0
2024-10-30,124.8153,4.29,4.15,21331.0
2024-10-31,124.7988,4.28,4.16,21331.0
2024-11-01,124.8076,4.37,4.21,21451.6
2024-11-04,124.5903,4.31,4.17,21451.6
2024-11-05,124.5532,4.26,4.19,21451.6
2024-11-06,125.7035,4.42,4.27,21451.6
2024-11-07,124.775,4.31,4.21,21451.6
2024-11-08,125.5811,4.3,4.26,21451.6
2024-11-11,125.5811,4.3,4.26,21451.6
2024-11-12,126.7762,4.43,4.34,21451.6
2024-11-13,126.9572,4.44,4.27,21451.6
2024-11-14,127.0015,4.43,4.34,21451.6
2024-11-15,126.8848,4.43,4.31,21451.6
2024-11-18,126.6045,4.42,4.29,21451.6
2024-11-19,126.3994,4.39,4.27,21451.6
2024-11-20,126.88,4.41,4.31,21451.6
2024-11-21,127.1047,4.43,4.34,21451.6
2024-11-22,127.4712,4.41,4.37,21451.6
2024-11-25,126.9948,4.27,4.21,21451.6
2024-11-26,127.4301,4.3,4.21,21451.6
2024-11-27,126.8205,4.25,4.19,21451.6
2024-11-28,126.8205,4.25,4.19,21451.6
2024-11-29,126.5798,4.18,4.13,21451.6
2024-12-01,126.5798,4.18,4.13,21485.3
2024-12-02,127.1272,4.19,4.17,21485.3
2024-12-03,126.9565,4.23,4.17,21485.3
2024-12-04,126.7574,4.19,4.13,21485.3
2024-12-05,126.4286,4.17,4.15,21485.3
2024-12-06,126.688,4.15,4.1,21485.3
2024-12-09,126.5981,4.2,4.13,21485.3
2024-12-10,126.957,4.22,4.15,21485.3
2024-12-11,126.8483,4.26,4.15,21485.3
2024-12-12,126.9556,4.32,4.18,21485.3
2024-12-13,127.3096,4.4,4.25,21485.3
2024-12-16,127.2687,4.39,4.25,21485.3
2024-12-17,127.5043,4.4,4.25,21485.3
2024-12-18,127.6418,4.5,4.35,21485.3
2024-12-19,128.6366,4.57,4.32,21485.3
2024-12-20,127.893,4.52,4.3,21485.3
2024-12-23,128.3021,4.59,4.3,21485.3
2024-12-24,128.3377,4.59,4.29,21485.3
2024-12-25,128.3377,4.59,4.29,21485.3
2024-12-26,128.3329,4.58,4.3,21485.3
2024-12-27,128.45,4.62,4.31,21485.3
2024-12-30,128.8205,4.55,4.24,21485.3
2024-12-31,129.2775,4.58,4.25,21485.3
2025-01-01,129.2775,4.58,4.25,21547.6
2025-01-02,129.4598,4.57,4.25,21547.6
2025-01-03,129.4535,4.6,4.28,21547.6
2025-01-06,128.538,4.62,4.28,21547.6
2025-01-07,128.613,4.67,4.3,21547.6
2025-01-08,129.0785,4.67,4.28,21547.6
2025-01-09,129.2827,4.68,4.27,21547.6
2025-01-10,129.8664,4.77,4.4,21547.6
2025-01-13,130.0413,4.79,4.4,21547.6
2025-01-14,129.3812,4.78,4.37,21547.6
2025-01-15,129.2092,4.66,4.27,21547.6
2025-01-16,129.436,4.61,4.23,21547.6
2025-01-17,129.4859,4.61,4.27,21547.6
2025-01-20,129.4859,4.61,4.27,21547.6
2025-01-21,128.4151,4.57,4.29,21547.6
2025-01-22,128.3402,4.6,4.29,21547.6
2025-01-23,128.2162,4.65,4.29,21547.6
2025-01-24,127.4611,4.63,4.27,21547.6
2025-01-27,128.0912,4.53,4.17,21547.6
2025-01-28,128.2817,4.55,4.19,21547.6
2025-01-29,128.3418,4.55,4.21,21547.6
2025-01-30,128.1004,4.52,4.18,21547.6
2025-01-31,128.4828,4.58,4.22,21547.6
2025-02-01,128.4828,4.58,4.22,21613.2
2025-02-03,129.109,4.54,4.26,21613.2
2025-02-04,128.1083,4.52,4.21,21613.2
2025-02-05,127.9751,4.43,4.17,21613.2
2025-02-06,128.2017,4.45,4.21,21613.2
2025-02-07,128.4292,4.49,4.29,21613.2
2025-02-10,128.6382,4.51,4.28,21613.2
2025-02-11,128.4322,4.54,4.29,21613.2
2025-02-12,128.3288,4.62,4.36,21613.2
2025-02-13,127.8931,4.52,4.31,21613.2
2025-02-14,127.1491,4.47,4.26,21613.2
2025-02-17,127.1491,4.47,4.26,21613.2
2025-02-18,127.2906,4.55,4.29,21613.2
2025-02-19,127.7317,4.53,4.28,21613.2
2025-02-20,127.1126,4.5,4.28,21613.2
2025-02-21,127.1408,4.42,4.19,21613.2
2025-02-24,127.1921,4.4,4.13,21613.2
2025-02-25,127.3752,4.3,4.07,21613.2
2025-02-26,127.2822,4.25,4.05,21613.2
2025-02-27,127.9704,4.29,4.07,21613.2
2025-02-28,128.2805,4.24,3.99,21613.2
2025-03-01,128.2805,4.24,3.99,21693.5
2025-03-03,127.75,4.16,3.96,21693.5
2025-03-04,127.9966,4.22,3.96,21693.5
2025-03-05,126.504,4.28,3.99,21693.5
2025-03-06,126.1099,4.29,3.96,21693.5
2025-03-07,125.9814,4.32,3.99,21693.5
2025-03-10,126.268,4.22,3.89,21693.5
2025-03-11,126.0457,4.28,3.94,21693.5
2025-03-12,125.8664,4.32,4.01,21693.5
2025-03-13,126.0031,4.27,3.94,21693.5
2025-03-14,125.6942,4.31,4.02,21693.5
2025-03-17,125.3688,4.31,4.06,21693.5
2025-03-18,125.488,4.29,4.04,21693.5
2025-03-19,125.8006,4.25,3.99,21693.5
2025-03-20,125.985,4.24,3.95,21693.5
2025-03-21,126.2679,4.25,3.94,21693.5
2025-03-24,126.1956,4.34,4.04,21693.5
2025-03-25,126.0535,4.31,3.96,21693.5
2025-03-26,126.2364,4.35,3.98,21693.5
2025-03-27,126.3626,4.38,3.97,21693.5
2025-03-28,126.4187,4.27,3.89,21693.5
2025-03-31,126.7075,4.23,3.89,21693.5
2025-04-01,126.4338,4.17,3.87,21775.5
2025-04-02,126.3811,4.2,3.91,21775.5
2025-04-03,124.7316,4.06,3.71,21775.5
2025-04-04,125.8129,4.01,3.68,21775.5
2025-04-07,126.8282,4.15,3.73,21775.5
2025-04-08,126.8668,4.26,3.71,21775.5
2025-04-09,126.628,4.34,3.91,21775.5
2025-04-10,125.089,4.4,3.84,21775.5
2025-04-11,124.0163,4.48,3.96,21775.5
2025-04-14,123.6598,4.38,3.84,21775.5
2025-04-15,123.776,4.35,3.84,21775.5
2025-04-16,123.2724,4.29,3.77,21775.5
2025-04-17,123.1298,4.34,3.81,21775.5
2025-04-18,122.9865,4.34,3.81,21775.5
2025-04-21,122.3145,4.42,3.75,21775.5
2025-04-22,122.4175,4.41,3.76,21775.5
2025-04-23,123.0252,4.4,3.81,21775.5
2025-04-24,122.9251,4.32,3.77,21775.5
2025-04-25,122.8858,4.29,3.74,21775.5
2025-04-28,122.7176,4.23,3.67,21775.5
2025-04-29,122.5944,4.19,3.65,21775.5
2025-04-30,122.5921,4.17,3.6,21775.5
2025-05-01,123.1405,4.25,3.7,21833.8
2025-05-02,122.4962,4.33,3.83,21833.8
2025-05-05,122.2613,4.36,3.83,21833.8
2025-05-06,122.0417,4.3,3.78,21833.8
2025-05-07,122.117,4.26,3.78,21833.8
2025-05-08,122.7568,4.37,3.9,21833.8
2025-05-09,122.5191,4.37,3.88,21833.8
2025-05-12,123.4863,4.45,3.98,21833.8
2025-05-13,122.9583,4.49,4.02,21833.8
2025-05-14,122.6746,4.53,4.05,21833.8
2025-05-15,122.8174,4.45,3.96,21833.8
2025-05-16,123.0737,4.43,3.98,21833.8
2025-05-19,122.4186,4.46,3.97,21833.8
2025-05-20,122.3199,4.48,3.97,21833.8
2025-05-21,121.7496,4.58,4.0,21833.8
2025-05-22,122.0429,4.54,4.0,21833.8
2025-05-23,121.3837,4.51,4.0,21833.8
2025-05-26,121.3837,4.51,4.0,21833.8
2025-05-27,121.6099,4.43,3.92,21833.8
2025-05-28,121.9888,4.47,3.96,21833.8
2025-05-29,121.5617,4.43,3.92,21833.8
2025-05-30,121.7674,4.41,3.89,21833.8
2025-06-01,121.7674,4.41,3.89,21938.7
2025-06-02,121.1881,4.46,3.94,21938.7
2025-06-03,121.4592,4.46,3.96,21938.7
2025-06-04,121.0539,4.37,3.87,21938.7
2025-06-05,120.9596,4.4,3.92,21938.7
2025-06-06,121.161,4.51,4.04,21938.7
2025-06-09,120.9103,4.49,4.01,21938.7
2025-06-10,121.0485,4.47,4.01,21938.7
2025-06-11,120.587,4.41,3.94,21938.7
2025-06-12,120.1723,4.36,3.9,21938.7
2025-06-13,120.3245,4.41,3.96,21938.7
2025-06-16,120.1565,4.46,3.97,21938.7
2025-06-17,120.5048,4.39,3.94,21938.7
2025-06-18,120.7305,4.38,3.94,21938.7
2025-06-19,120.7305,4.38,3.94,21938.7
2025-06-20,121.0408,4.38,3.9,21938.7
2025-06-23,121.1694,4.34,3.84,21938.7
2025-06-24,120.3645,4.3,3.75,21938.7
2025-06-25,120.3336,4.29,3.74,21938.7
2025-06-26,119.6451,4.26,3.7,21938.7
2025-06-27,119.659,4.29,3.73,21938.7
2025-06-30,119.4088,4.24,3.72,21938.7
2025-07-01,119.3436,4.26,3.78,22019.9
2025-07-02,119.3037,4.3,3.78,22019.9
2025-07-03,119.2382,4.35,3.88,22019.9
2025-07-04,119.2382,4.35,3.88,22019.9
2025-07-07,119.6201,4.4,3.9,22019.9
2025-07-08,119.8371,4.42,3.9,22019.9
2025-07-09,119.7311,4.34,3.86,22019.9
2025-07-10,119.8343,4.35,3.86,22019.9
2025-07-11,119.9214,4.43,3.9,22019.9
2025-07-14,120.2209,4.43,3.9,22019.9
2025-07-15,120.5105,4.5,3.95,22019.9
2025-07-16,120.4175,4.46,3.88,22019.9
2025-07-17,120.6384,4.47,3.91,22019.9
2025-07-18,120.356,4.44,3.88,22019.9
2025-07-21,119.9961,4.38,3.85,22019.9
2025-07-22,119.681,4.35,3.83,22019.9
2025-07-23,119.5697,4.4,3.88,22019.9
2025-07-24,119.5664,4.43,3.91,22019.9
2025-07-25,119.9857,4.4,3.91,22019.9
2025-07-28,120.6149,4.42,3.91,22019.9
2025-07-29,120.9674,4.34,3.86,22019.9
2025-07-30,121.4042,4.38,3.94,22019.9
2025-07-31,121.721,4.37,3.94,22019.9
2025-08-01,121.2122,4.23,3.69,22086.8
2025-08-04,120.9859,4.22,3.69,22086.8
2025-08-05,120.9082,4.22,3.72,22086.8
2025-08-06,120.5082,4.22,3.69,22086.8
2025-08-07,120.5043,4.23,3.72,22086.8
2025-08-08,120.3329,4.27,3.76,22086.8
2025-08-11,120.6892,4.27,3.76,22086.8
2025-08-12,120.2736,4.29,3.72,22086.8
2025-08-13,120.13,4.24,3.67,22086.8
2025-08-14,120.6446,4.29,3.74,22086.8
2025-08-15,120.3377,4.33,3.75,22086.8
2025-08-18,120.5622,4.34,3.77,22086.8
2025-08-19,120.7224,4.3,3.75,22086.8
2025-08-20,120.7757,4.29,3.74,22086.8
2025-08-21,121.0843,4.33,3.79,22086.8
2025-08-22,120.2774,4.26,3.68,22086.8
2025-08-25,120.4214,4.28,3.73,22086.8
2025-08-26,120.5274,4.26,3.61,22086.8
2025-08-27,120.7274,4.24,3.59,22086.8
2025-08-28,120.2595,4.22,3.62,22086.8
2025-08-29,120.2082,4.23,3.59,22086.8
2025-09-01,120.2082,4.23,3.59,22169.8
2025-09-02,120.6837,4.28,3.66,22169.8
2025-09-03,120.5052,4.22,3.61,22169.8
2025-09-04,120.7629,4.17,3.59,22169.8
2025-09-05,120.1282,4.1,3.51,22169.8
2025-09-08,120.0971,4.05,3.49,22169.8
2025-09-09,120.1569,4.08,3.54,22169.8
2025-09-10,120.1223,4.04,3.54,22169.8
2025-09-11,119.9534,4.01,3.52,22169.8
2025-09-12,120.0611,4.06,3.56,22169.8
2025-09-15,119.5644,4.05,3.54,22169.8
2025-09-16,119.1348,4.04,3.51,22169.8
2025-09-17,119.1582,4.06,3.52,22169.8
2025-09-18,119.6616,4.11,3.57,22169.8
2025-09-19,119.7858,4.14,3.57,22169.8
2025-09-22,119.8152,4.15,3.61,22169.8
2025-09-23,119.6202,4.12,3.53,22169.8
2025-09-24,120.1707,4.16,3.57,22169.8
2025-09-25,120.5419,4.18,3.64,22169.8
2025-09-26,120.4349,4.2,3.63,22169.8
2025-09-29,120.115,4.15,3.63,22169.8
2025-09-30,120.1368,4.16,3.6,22169.8
2025-10-01,120.1502,4.12,3.55,22250.4
2025-10-02,120.4296,4.1,3.55,22250.4
2025-10-03,120.0881,4.13,3.58,22250.4
2025-10-06,120.2722,4.18,3.6,22250.4
2025-10-07,120.4884,4.14,3.57,22250.4
2025-10-08,120.7766,4.13,3.58,22250.4
2025-10-09,121.0902,4.14,3.6,22250.4
2025-10-10,121.1163,4.05,3.52,22250.4
2025-10-13,121.1163,4.05,3.52,22250.4
2025-10-14,121.1822,4.03,3.48,22250.4
2025-10-15,120.8642,4.05,3.5,22250.4
2025-10-16,120.6698,3.99,3.41,22250.4
2025-10-17,120.7028,4.02,3.46,22250.4
2025-10-20,120.6209,4.0,3.46,22250.4
2025-10-21,120.8895,3.98,3.45,22250.4
2025-10-22,120.8958,3.97,3.45,22250.4
2025-10-23,120.9531,4.01,3.48,22250.4
2025-10-24,120.9345,4.02,3.48,22250.4
2025-10-27,120.7988,4.01,3.48,22250.4
2025-10-28,120.6361,3.99,3.47,22250.4
2025-10-29,120.5312,4.08,3.59,22250.4
2025-10-30,121.2832,4.11,3.61,22250.4
2025-10-31,121.3859,4.11,3.6,22250.4
2025-11-01,121.3859,4.11,3.6,22296.5
2025-11-03,121.4512,4.13,3.6,22296.5
2025-11-04,121.8271,4.1,3.58,22296.5
2025-11-05,121.8482,4.17,3.63,22296.5
2025-11-06,121.6948,4.11,3.57,22296.5
2025-11-07,121.388,4.11,3.55,22296.5
2025-11-10,121.2984,4.13,3.58,22296.5
2025-11-11,121.2984,4.13,3.58,22296.5
2025-11-12,121.0458,4.08,3.56,22296.5
2025-11-13,120.7725,4.11,3.58,22296.5
2025-11-14,120.9666,4.14,3.62,22296.5
2025-11-17,121.1146,4.13,3.6,22296.5
2025-11-18,121.2127,4.12,3.58,22296.5
2025-11-19,121.4978,4.13,3.58,22296.5
2025-11-20,121.6889,4.1,3.55,22296.5
2025-11-21,121.8653,4.06,3.51,22296.5
2025-11-24,121.9171,4.04,3.46,22296.5
2025-11-25,121.6335,4.01,3.43,22296.5
2025-11-26,121.2437,4.0,3.45,22296.5
2025-11-27,121.2437,4.0,3.45,22296.5
2025-11-28,121.0527,4.02,3.47,22296.5
2025-12-01,120.9862,4.09,3.54,22386.9
2025-12-02,121.1467,4.09,3.51,22386.9
2025-12-03,120.7336,4.06,3.49,22386.9
2025-12-04,120.6766,4.11,3.52,22386.9
2025-12-05,120.6863,4.14,3.56,22386.9
2025-12-08,120.776,4.17,3.57,22386.9
2025-12-09,120.6832,4.18,3.61,22386.9
2025-12-10,120.6752,4.13,3.54,22386.9
2025-12-11,119.98,4.14,3.52,22386.9
2025-12-12,120.1442,4.19,3.52,22386.9
2025-12-15,119.9561,4.18,3.51,22386.9
2025-12-16,119.8902,4.15,3.48,22386.9
2025-12-17,120.155,4.16,3.49,22386.9
2025-12-18,120.0528,4.12,3.46,22386.9
2025-12-19,120.1652,4.16,3.48,22386.9
2025-12-22,119.9912,4.17,3.44,22386.9
2025-12-23,119.7057,4.18,3.48,22386.9
2025-12-24,119.4372,4.15,3.47,22386.9
2025-12-25,119.4372,4.15,3.47,22386.9
2025-12-26,119.4723,4.14,3.46,22386.9
2025-12-29,119.5899,4.12,3.45,22386.9
2025-12-30,119.4939,4.14,3.45,22386.9
2025-12-31,119.7456,4.18,3.47,22386.9
2026-01-01,119.7456,4.18,3.47,22469.1
2026-01-02,119.6059,4.19,3.47,22469.1
2026-01-05,119.6192,4.17,3.46,22469.1
2026-01-06,119.7807,4.18,3.47,22469.1
2026-01-07,119.8719,4.15,3.47,22469.1
2026-01-08,120.0904,4.19,3.49,22469.1
2026-01-09,120.2215,4.18,3.54,22469.1
2026-01-12,119.9958,4.19,3.54,22469.1
2026-01-13,120.1401,4.18,3.53,22469.1
2026-01-14,119.9537,4.15,3.51,22469.1
2026-01-15,119.9951,4.17,3.56,22469.1
2026-01-16,120.0838,4.24,3.59,22469.1
2026-01-19,120.0838,4.24,3.59,22469.1
2026-01-20,119.4455,4.3,3.6,22469.1
2026-01-21,119.3431,4.26,3.6,22469.1
2026-01-22,119.1962,4.26,3.61,22469.1
2026-01-23,118.8976,4.24,3.6,22469.1
2026-01-26,118.0525,4.22,3.56,22469.1
2026-01-27,117.4523,4.24,3.53,22469.1
2026-01-28,117.5117,4.26,3.56,22469.1
2026-01-29,117.4396,4.24,3.53,22469.1
2026-01-30,117.8996,4.26,3.52,22469.1
2026-02-01,117.8996,4.26,3.52,22667.3
2026-02-02,118.3609,4.29,3.57,22667.3
2026-02-03,117.9764,4.28,3.57,22667.3
2026-02-04,118.2602,4.29,3.57,22667.3
2026-02-05,118.5034,4.21,3.47,22667.3
2026-02-06,118.2407,4.22,3.5,22667.3
2026-02-09,117.6392,4.22,3.48,22667.3
2026-02-10,117.5216,4.16,3.45,22667.3
2026-02-11,117.4601,4.18,3.52,22667.3
2026-02-12,117.5376,4.09,3.47,22667.3
2026-02-13,117.5258,4.04,3.4,22667.3
2026-02-16,117.5258,4.04,3.4,22667.3
2026-02-17,117.7375,4.05,3.43,22667.3
2026-02-18,117.8426,4.09,3.47,22667.3
2026-02-19,118.2354,4.08,3.47,22667.3
2026-02-20,117.9917,4.08,3.48,22667.3
2026-02-23,117.9395,4.03,3.43,22667.3
2026-02-24,117.9463,4.04,3.43,22667.3
2026-02-25,117.769,4.05,3.45,22667.3
2026-02-26,117.9042,4.02,3.42,22667.3
2026-02-27,117.8223,3.97,3.38,22667.3
2026-03-02,118.667,4.05,3.47,22667.3
2026-03-03,119.4341,4.06,3.51,22667.3
2026-03-04,119.0705,4.09,3.54,22667.3
2026-03-05,119.5683,4.13,3.57,22667.3
2026-03-06,119.491,4.15,3.56,22667.3
2026-03-09,119.5151,4.12,3.56,22667.3
2026-03-10,118.7255,4.15,3.57,22667.3
2026-03-11,119.2885,4.21,3.64,22667.3
2026-03-12,119.8227,4.27,3.76,22667.3
2026-03-13,120.5518,4.28,3.73,22667.3
2026-03-16,120.097,4.23,3.68,22667.3
2026-03-17,119.8328,4.2,3.68,22667.3
2026-03-18,119.9276,4.26,3.76,22667.3
2026-03-19,120.1802,4.25,3.79,22667.3
2026-03-20,120.2757,4.39,3.88,22667.3
2026-03-23,119.9371,4.34,3.83,22667.3
2026-03-24,120.1295,4.39,3.9,22667.3
2026-03-25,120.1282,4.33,3.84,22667.3
2026-03-26,120.389,4.42,3.96,22667.3
2026-03-27,120.8851,4.44,3.88,22667.3
2026-03-30,121.2851,4.35,3.82,22667.3
2026-03-31,121.035,4.3,3.79,22667.3
2026-04-01,120.1198,4.33,3.81,22667.3
2026-04-02,120.503,4.31,3.79,22667.3
2026-04-03,120.6565,4.35,3.84,22667.3
2026-04-06,120.4302,4.34,3.84,22667.3
2026-04-07,120.32,4.33,3.81,22667.3
2026-04-08,119.0596,4.29,3.79,22667.3
2026-04-09,118.8998,4.29,3.78,22667.3
2026-04-10,118.8552,4.31,3.81,22667.3
2026-04-13,118.9916,4.3,3.78,
2026-04-14,118.3581,4.26,3.76,
2026-04-15,118.3623,4.29,3.76,
2026-04-16,118.3616,4.32,3.78,
2026-04-17,118.0795,4.26,3.71,
2026-04-20,118.2374,4.26,3.72,
2026-04-21,118.4331,4.3,3.78,
2026-04-22,118.6004,4.3,3.79,
2026-04-23,118.7155,4.34,3.83,
2026-04-24,118.7294,4.31,3.78,
2026-04-27,,4.35,3.78,
2026-04-28,,4.36,3.84,
2026-04-29,,4.42,3.92,
