date,fundingRate
2021-03-21,0.0
2021-03-22,0.0
2021-03-23,0.0
2021-03-24,0.0
2021-03-25,0.0
2021-03-26,0.0
2021-03-27,0.0
2021-03-28,0.0
2021-03-29,0.0
2021-03-30,0.0
2021-03-31,0.0
2021-04-01,0.0
2021-04-02,0.0
2021-04-03,0.0
2021-04-04,0.0
2021-04-05,0.0
2021-04-06,-6.323727781392461e-05
2021-04-07,-0.00021325540363257742
2021-04-08,-4.815816063875412e-05
2021-04-09,-6.611172439243778e-05
2021-04-10,0.00021170210644754628
2021-04-11,0.00014110206569427054
2021-04-12,5.949746874125233e-05
2021-04-13,0.00044196570515002225
2021-04-14,0.0005495437951239707
2021-04-15,0.0003992666723338897
2021-04-16,0.0002671712687323412
2021-04-17,2.208936099520625e-05
2021-04-18,-0.00029278755843429954
2021-04-19,-0.00030968447182250745
2021-04-20,-0.0004553397836857838
2021-04-21,-0.0005373806294738071
2021-04-22,-0.00060100550705175
2021-04-23,-0.0005066694593162513
2021-04-24,-0.00047665039263469387
2021-04-25,-0.0003514569099684165
2021-04-26,-7.778873696654964e-05
2021-04-27,-6.729221142550669e-05
2021-04-28,5.263507921138405e-05
2021-04-29,9.531779818768802e-05
2021-04-30,0.0003249353744158705
2021-05-01,0.00038321337342287685
2021-05-02,0.0003678091991786768
2021-05-03,0.00014489142816256242
2021-05-04,-8.721722350179033e-05
2021-05-05,0.00012037909512007419
2021-05-06,0.00013291885548594046
2021-05-07,-1.7089803551839876e-05
2021-05-08,4.8259094233802625e-05
2021-05-09,7.436106289887994e-05
2021-05-10,-6.018524317265748e-05
2021-05-11,0.00016258711737146583
2021-05-12,-0.0003693069067896467
2021-05-13,-0.0003124755738510073
2021-05-14,-0.00034665873775938387
2021-05-15,-0.0005490339968249009
2021-05-16,-0.000517480498404979
2021-05-17,-0.0005417155449284957
2021-05-18,-0.0005733123490126018
2021-05-19,-0.0005739431451021285
2021-05-20,-0.0003845865021210281
2021-05-21,-0.0005297327661494391
2021-05-22,-0.00040289757949277304
2021-05-23,-0.0005156495521078388
2021-05-24,-0.00020389484881972445
2021-05-25,-0.00019761037547213776
2021-05-26,0.00011651251218449051
2021-05-27,-9.150521956567516e-05
2021-05-28,-8.098299186962148e-05
2021-05-29,-0.00014318485875681493
2021-05-30,4.945727239893125e-05
2021-05-31,-7.86354943667888e-05
2021-06-01,-9.309959809842742e-05
2021-06-02,-9.40010981842272e-05
2021-06-03,3.693461042888998e-05
2021-06-04,6.799080857207959e-05
2021-06-05,5.567168929353637e-05
2021-06-06,7.997574913989016e-06
2021-06-07,-0.00022406289364587957
2021-06-08,-0.0002047062870871993
2021-06-09,-1.0780987052247183e-05
2021-06-10,-0.00015214144396228884
2021-06-11,2.868362541822848e-05
2021-06-12,2.08629878579236e-07
2021-06-13,0.00018132054766305806
2021-06-14,0.00037166012823121384
2021-06-15,0.0003483073595989702
2021-06-16,4.901191335309678e-05
2021-06-17,7.65667097491305e-05
2021-06-18,-9.138269337479638e-05
2021-06-19,-1.7087036653529966e-06
2021-06-20,-0.00023367782032708738
2021-06-21,-0.0006185755684903885
2021-06-22,-0.000564241931219862
2021-06-23,-0.0003457563486887592
2021-06-24,-0.000252957376102253
2021-06-25,-0.0003360500348662659
2021-06-26,-0.0002510144308556406
2021-06-27,-6.703312077387486e-05
2021-06-28,0.00022319895290578482
2021-06-29,0.0002503472669475335
2021-06-30,0.00010142821200560931
2021-07-01,-8.21939870501509e-05
2021-07-02,0.00016933398002310634
2021-07-03,0.00017575269472790305
2021-07-04,4.0721251551217294e-05
2021-07-05,-5.7265359337492285e-05
2021-07-06,-0.00011800671433880062
2021-07-07,-8.593842407522442e-05
2021-07-08,-5.133538434060617e-05
2021-07-09,-2.5620656993207065e-08
2021-07-10,-8.764319561071159e-05
2021-07-11,-7.649668050745819e-05
2021-07-12,-4.711102636483491e-05
2021-07-13,-0.0001167740667473335
2021-07-14,-9.061841697258629e-05
2021-07-15,-9.926245586096135e-05
2021-07-16,-0.0002365874733170778
2021-07-17,-0.00019708905049633805
2021-07-18,-0.0002401143871468476
2021-07-19,-0.00022806313764642047
2021-07-20,-0.00030598657148508637
2021-07-21,-7.877348315228631e-05
2021-07-22,5.785761186212133e-05
2021-07-23,0.0002995547611434663
2021-07-24,0.00035432406250497195
2021-07-25,0.00045132850688109577
2021-07-26,0.0007104244879335841
2021-07-27,0.0008430566794766046
2021-07-28,0.000604031555289155
2021-07-29,0.0005545812508113609
2021-07-30,0.000547958602439946
2021-07-31,0.000443730237073417
2021-08-01,0.0002765827566234191
2021-08-02,0.00011434043278797674
2021-08-03,-7.734972881347083e-05
2021-08-04,-1.6829624028759467e-05
2021-08-05,4.930915796769827e-05
2021-08-06,3.4155252564959846e-05
2021-08-07,0.00017176615814613484
2021-08-08,0.00022222220089821915
2021-08-09,0.00038867784563431716
2021-08-10,0.0004072276441466219
2021-08-11,0.0003139573963613392
2021-08-12,0.00019404873936930007
2021-08-13,0.0002606479218931796
2021-08-14,0.00013060250734836206
2021-08-15,0.000175843803895211
2021-08-16,-2.0264166639359844e-05
2021-08-17,-5.331117794623839e-05
2021-08-18,-5.027415869905976e-05
2021-08-19,0.00014780804436015504
2021-08-20,9.115655153737323e-05
2021-08-21,0.00010922624998131782
2021-08-22,0.00013966140299771958
2021-08-23,0.00022267226403262035
2021-08-24,0.0001922322585107888
2021-08-25,0.0002767791440333307
2021-08-26,6.431830390532863e-06
2021-08-27,-1.7557480347216025e-05
2021-08-28,3.8641688500669025e-06
2021-08-29,-4.1245688998739914e-05
2021-08-30,-0.00022291721863443328
2021-08-31,-4.82509226275324e-05
2021-09-01,-1.3635233105907856e-05
2021-09-02,0.0002219654382267862
2021-09-03,8.345935418737729e-05
2021-09-04,9.129296165533255e-05
2021-09-05,0.00026512108379267386
2021-09-06,0.0004998423509449695
2021-09-07,-2.8082092494504673e-05
2021-09-08,-0.0002629491995125922
2021-09-09,-0.0002931434524776215
2021-09-10,-0.0005116572297607282
2021-09-11,-0.00044572118570140537
2021-09-12,-0.0005034532710663145
2021-09-13,-0.0006113497897366853
2021-09-14,2.282495970681611e-05
2021-09-15,0.0001717897476103696
2021-09-16,0.00011342917897133054
2021-09-17,0.00020479551592266106
2021-09-18,0.0002579601249164104
2021-09-19,9.880860380812196e-05
2021-09-20,-0.00017659181574964817
2021-09-21,-0.0005215869969369066
2021-09-22,-0.0003537298746892188
2021-09-23,-0.00022267330348878106
2021-09-24,-0.0003623618069934602
2021-09-25,-0.00043645740132822685
2021-09-26,-0.00031436012209344345
2021-09-27,-6.099452645681693e-05
2021-09-28,2.976481897050462e-05
2021-09-29,-0.00016787521811910655
2021-09-30,-8.424553828901242e-05
2021-10-01,0.00038501309728544106
2021-10-02,0.0003481470607110887
2021-10-03,0.0003357019459608473
2021-10-04,0.00044209386998300524
2021-10-05,0.0005810986271882904
2021-10-06,0.0006553057239146534
2021-10-07,0.0004418740955607547
2021-10-08,0.00024226215233254638
2021-10-09,0.000299875065832147
2021-10-10,0.0002664568171596347
2021-10-11,0.00032692149627983817
2021-10-12,0.00018248046974595286
2021-10-13,8.254521488783298e-05
2021-10-14,0.00014767572231768412
2021-10-15,0.0003053877870307129
2021-10-16,0.00023202266208214914
2021-10-17,0.00026542932172404847
2021-10-18,0.00017157338526458857
2021-10-19,0.0003086214822883078
2021-10-20,0.0003170500007597001
2021-10-21,0.00019923051438618664
2021-10-22,-4.0658182492175996e-05
2021-10-23,1.834255948979096e-05
2021-10-24,-2.8909945059327023e-05
2021-10-25,4.9108700513732584e-05
2021-10-26,-0.0001900837752665805
2021-10-27,-0.00033711076490678874
2021-10-28,-7.452911779686836e-05
2021-10-29,7.279824215004061e-05
2021-10-30,2.683000186820885e-05
2021-10-31,2.2495142276231497e-05
2021-11-01,-9.458192275593097e-05
2021-11-02,0.00013150519411581402
2021-11-03,0.00020604951053574305
2021-11-04,4.045550974382278e-05
2021-11-05,-6.820793039004697e-05
2021-11-06,-2.090436576005121e-05
2021-11-07,0.00011338218178978324
2021-11-08,0.0003800129835727265
2021-11-09,0.00021496860959034173
2021-11-10,0.0001256089561823413
2021-11-11,0.0002168367662554932
2021-11-12,0.0002032488860459772
2021-11-13,0.00018606414593591185
2021-11-14,0.00014622298150505957
2021-11-15,-0.0002527543402396916
2021-11-16,-0.0004362448260983489
2021-11-17,-0.0002893461192310868
2021-11-18,-0.0005088211631113816
2021-11-19,-0.0004026211159982567
2021-11-20,-0.0003095829432325746
2021-11-21,-0.0004342844977917966
2021-11-22,-0.0004608892085814651
2021-11-23,-0.0001626818157650901
2021-11-24,-0.00020427905951182757
2021-11-25,0.00013192169824280262
2021-11-26,-0.00030062662409694265
2021-11-27,-0.0003286580226857156
2021-11-28,-9.009986610684303e-05
2021-11-29,0.00010225698975694997
2021-11-30,-3.9302397489249846e-05
2021-12-01,3.5189810448115892e-06
2021-12-02,-0.0001635966349045884
2021-12-03,-9.323749300400029e-06
2021-12-04,-0.00041890322705028714
2021-12-05,-0.0005458636262465095
2021-12-06,-0.00048070440569016997
2021-12-07,-0.0004185511500675316
2021-12-08,-0.0004670569395586577
2021-12-09,-0.000635859970235667
2021-12-10,-0.00048039119488763244
2021-12-11,1.217596789891351e-05
2021-12-12,5.1666250634372167e-05
2021-12-13,-0.00033188270854449096
2021-12-14,-0.00020168683570915947
2021-12-15,-0.00014468434336538974
2021-12-16,3.841270544865954e-06
2021-12-17,-9.480869094813964e-05
2021-12-18,-0.00023254574036182484
2021-12-19,-0.00031341454670945335
2021-12-20,1.6983482043003177e-05
2021-12-21,4.708972975432247e-05
2021-12-22,-2.4321234233126557e-05
2021-12-23,0.0002674858197922103
2021-12-24,0.00036571191433463796
2021-12-25,0.0002706254882652384
2021-12-26,0.0002957130775344945
2021-12-27,0.00026617456684291835
2021-12-28,-9.785275377982016e-05
2021-12-29,-0.0001555785029206767
2021-12-30,-0.00025964835618499845
2021-12-31,-0.00032644746504384463
2022-01-01,-0.0001869764816796601
2022-01-02,-0.00024219943672624454
2022-01-03,-0.0003014561381893274
2022-01-04,-0.00013122046284976094
2022-01-05,-0.0002500711672734815
2022-01-06,-0.00033613532489336703
2022-01-07,-0.0004036704669207947
2022-01-08,-0.0005347560532422632
2022-01-09,-0.0004842593843811971
2022-01-10,-0.0004081191323490262
2022-01-11,-0.0002725327923748608
2022-01-12,4.3635138794919925e-05
2022-01-13,-4.734148059893486e-05
2022-01-14,0.00014012449397186278
2022-01-15,0.00012535574319944825
2022-01-16,0.00010842098573047037
2022-01-17,3.481512877207785e-05
2022-01-18,-3.273993957947464e-05
2022-01-19,-0.0001973841797400635
2022-01-20,-0.00017041362761024216
2022-01-21,-0.0005889001465925875
2022-01-22,-0.0006844341999013901
2022-01-23,-0.000579697954960646
2022-01-24,-0.00048551293580934815
2022-01-25,-0.0004978168741364629
2022-01-26,-0.0004851823382854184
2022-01-27,-0.00035614467356011455
2022-01-28,0.00013004980385127802
2022-01-29,0.0002952870391193837
2022-01-30,0.00014693507860427983
2022-01-31,0.00015495062030232058
2022-02-01,0.00014574843377468662
2022-02-02,7.5772672760397425e-06
2022-02-03,1.1633172303896801e-05
2022-02-04,0.00028788429660350496
2022-02-05,0.0002342021902515185
2022-02-06,0.0003121036055509453
2022-02-07,0.00035352160098089735
2022-02-08,0.0003437813955307748
2022-02-09,0.0004660564354320552
2022-02-10,0.00037509744966132165
2022-02-11,4.69718370915623e-05
2022-02-12,4.787244270718641e-05
2022-02-13,-1.981260412032644e-05
2022-02-14,-7.398722491202887e-05
2022-02-15,2.736969486492203e-05
2022-02-16,-2.9151068390935946e-05
2022-02-17,-0.0001723671611417943
2022-02-18,-0.00014143248688755126
2022-02-19,-0.00012534618593726204
2022-02-20,-0.00022833521697995305
2022-02-21,-0.0003617836119974628
2022-02-22,-0.00040260457132859043
2022-02-23,-0.0004257899835555288
2022-02-24,-0.00014915292431166448
2022-02-25,-5.2898114605229855e-05
2022-02-26,-6.943826315045033e-05
2022-02-27,-5.070923965684288e-05
2022-02-28,0.00042092256714410957
2022-03-01,0.00039475755218092406
2022-03-02,0.0004185368514614394
2022-03-03,0.00025686425385768795
2022-03-04,-5.480139743624671e-06
2022-03-05,1.7442827280442633e-05
2022-03-06,4.770078325791279e-05
2022-03-07,-0.0003148848585069953
2022-03-08,-0.0003332691043572744
2022-03-09,-0.00011476710318834908
2022-03-10,-0.00018958778871000119
2022-03-11,-2.9344878439282536e-05
2022-03-12,-4.549223473434622e-05
2022-03-13,-4.9298587236784205e-05
2022-03-14,0.0001265388212910015
2022-03-15,4.271598839698566e-05
2022-03-16,-5.876595852527558e-05
2022-03-17,0.0001102274407336498
2022-03-18,0.00021731458976443512
2022-03-19,0.00023919824831857025
2022-03-20,0.00024273571223818583
2022-03-21,9.295787015378111e-05
2022-03-22,0.00020997734471121625
2022-03-23,0.00012298204700386044
2022-03-24,0.00022188754585491938
2022-03-25,0.0001995033986666933
2022-03-26,0.00018295699384240644
2022-03-27,0.00042727483822582794
2022-03-28,0.00045319662833181594
2022-03-29,0.0003673953707775926
2022-03-30,0.0003100918877567624
2022-03-31,0.00011849233341830324
2022-04-01,0.00016179925112628238
2022-04-02,0.000107740220021449
2022-04-03,-3.483282296639725e-05
2022-04-04,-4.188710236022933e-05
2022-04-05,-0.0001553722711258249
2022-04-06,-0.0003336301405799602
2022-04-07,-0.0001978959599553951
2022-04-08,-0.00037334889120498
2022-04-09,-0.00028434740985149173
2022-04-10,-0.00037370145054071795
2022-04-11,-0.0005647843797017103
2022-04-12,-0.00040929977756434924
2022-04-13,-0.0001539573485430565
2022-04-14,-0.0002631368642350137
2022-04-15,-0.00012825247208804702
2022-04-16,-0.00017601710093447269
2022-04-17,-0.00018610720176794057
2022-04-18,9.956020524909984e-05
2022-04-19,0.00011106482635128982
2022-04-20,1.7485982658302923e-05
2022-04-21,4.373861065114727e-05
2022-04-22,-6.930578848940772e-05
2022-04-23,-7.93040982817507e-05
2022-04-24,-1.9040530239047237e-05
2022-04-25,-3.1670932938818436e-05
2022-04-26,-0.0003105590820431964
2022-04-27,-0.00021340609676786347
2022-04-28,-8.283297458663592e-05
2022-04-29,-0.00014163356138951325
2022-04-30,-0.00023854050844698767
2022-05-01,-0.0001363147286483581
2022-05-02,-0.0002739354972142315
2022-05-03,-5.811428615707223e-05
2022-05-04,6.000465373291326e-05
2022-05-05,-0.0004584277326244818
2022-05-06,-0.0003817384114890317
2022-05-07,-0.000328007799063396
2022-05-08,-0.0006538548653696398
2022-05-09,-0.0010369134251148697
2022-05-10,-0.0007564335814619119
2022-05-11,-0.0010057900094842215
2022-05-12,-0.000703165862467412
2022-05-13,-0.0005959480541462557
2022-05-14,-0.00046544078084974556
2022-05-15,-0.0002358362463293119
2022-05-16,-2.2193403329074694e-05
2022-05-17,-5.394011374609912e-05
2022-05-18,-3.417000293718507e-05
2022-05-19,0.00012935529880716366
2022-05-20,-7.5649009941670275e-06
2022-05-21,-6.104132702493011e-05
2022-05-22,-9.53592820353772e-05
2022-05-23,-7.369685784921729e-05
2022-05-24,-7.488614644303539e-05
2022-05-25,8.156502476501022e-05
2022-05-26,-0.00010354896098092512
2022-05-27,-5.517079228825192e-05
2022-05-28,-3.80449829836913e-05
2022-05-29,-7.608400882128857e-05
2022-05-30,0.0002318128859492307
2022-05-31,0.00018125683430486532
2022-06-01,2.4314781242442813e-05
2022-06-02,0.00010605004760084055
2022-06-03,9.323501387658156e-05
2022-06-04,7.017191464665593e-05
2022-06-05,3.7016652194690966e-05
2022-06-06,-2.8278656160752322e-05
2022-06-07,-5.28759639070117e-05
2022-06-08,3.5523818669129035e-05
2022-06-09,-3.314004886373409e-05
2022-06-10,-7.331500811235235e-05
2022-06-11,-0.00021183018749902787
2022-06-12,-0.000581132695405079
2022-06-13,-0.001148252425947211
2022-06-14,-0.000917231776518427
2022-06-15,-0.0006946748828073823
2022-06-16,-0.0007920579223655346
2022-06-17,-0.0006539176062001671
2022-06-18,-0.0006863884088589551
2022-06-19,-0.000428427193869074
2022-06-20,-0.0001491458417852179
2022-06-21,-0.00011089384048669119
2022-06-22,-0.00020599112318702917
2022-06-23,5.8128265778982376e-05
2022-06-24,6.269243903868487e-05
2022-06-25,0.00020079335159959343
2022-06-26,3.682622676429164e-05
2022-06-27,1.2943058073144849e-05
2022-06-28,-3.486709718702671e-05
2022-06-29,1.1160913497241114e-05
2022-06-30,-9.562485136371354e-05
2022-07-01,-0.00016164849705579173
2022-07-02,-0.00018599127823893421
2022-07-03,-0.00014706373600649066
2022-07-04,-4.2481601359848727e-05
2022-07-05,-7.968323175218251e-06
2022-07-06,3.808202888642052e-05
2022-07-07,0.00013793309330688977
2022-07-08,0.00018833760149579527
2022-07-09,0.00018463582939034497
2022-07-10,0.00012164356311259059
2022-07-11,-2.0970440332859206e-05
2022-07-12,-6.74378517612814e-05
2022-07-13,-2.524033041905679e-05
2022-07-14,-8.519458232800926e-05
2022-07-15,-6.571760094914215e-05
2022-07-16,-3.677862580917367e-05
2022-07-17,-6.045629466407204e-06
2022-07-18,0.00035395796794308
2022-07-19,0.000615375676515708
2022-07-20,0.00043231027099802294
2022-07-21,0.0003654004517975383
2022-07-22,0.0002771165412231971
2022-07-23,0.0001856175721470639
2022-07-24,0.00026489913514412086
2022-07-25,-0.000169459494896952
2022-07-26,-0.0003004220097918909
2022-07-27,-3.552159406493939e-05
2022-07-28,9.364460205911038e-05
2022-07-29,0.0001458876276653197
2022-07-30,0.00016443120369639058
2022-07-31,0.00010436428790440007
2022-08-01,0.00030811805911202346
2022-08-02,0.00028662088243175664
2022-08-03,-2.1717502987931293e-05
2022-08-04,-0.00019085804838324182
2022-08-05,-6.803815855767163e-05
2022-08-06,-0.00010469820316225367
2022-08-07,-1.9922672068925763e-05
2022-08-08,8.619560810629916e-05
2022-08-09,2.6855534928423466e-05
2022-08-10,0.0001825666350472977
2022-08-11,0.00021694220889479173
2022-08-12,0.0001764447540238421
2022-08-13,0.0002487038652545485
2022-08-14,0.00019265540650115133
2022-08-15,4.8342395159578466e-05
2022-08-16,0.00012273119472048044
2022-08-17,-0.0001093778216858573
2022-08-18,-0.0001474915255992313
2022-08-19,-0.0006690698931321225
2022-08-20,-0.0005753554804833753
2022-08-21,-0.0004649918273887682
2022-08-22,-0.00043456376419780276
2022-08-23,-0.0003755345947694471
2022-08-24,-0.00031607603806411413
2022-08-25,-0.0002653939306709805
2022-08-26,-0.0001033387115309633
2022-08-27,-0.0001945077809473123
2022-08-28,-0.0003439578376905412
2022-08-29,-0.0001942127196607515
2022-08-30,-0.00030184928043286164
2022-08-31,-0.0002441901457379609
2022-09-01,-0.00027719153603113716
2022-09-02,-5.827776596803692e-05
2022-09-03,-4.1114756223409766e-05
2022-09-04,9.024147293796469e-05
2022-09-05,-9.887586477763449e-05
2022-09-06,-0.000210645728217371
2022-09-07,-0.00015677883132537504
2022-09-08,-0.00016718318896261476
2022-09-09,0.0002741551919692053
2022-09-10,0.00034184908123438285
2022-09-11,0.0003296272889942521
2022-09-12,0.00043930862449960574
2022-09-13,0.0002482152029392906
2022-09-14,0.0001650454502286214
2022-09-15,6.709883490927006e-05
2022-09-16,-0.00026170278243587563
2022-09-17,-0.0002519313482732316
2022-09-18,-0.0004132977495225041
2022-09-19,-0.00048388674403844093
2022-09-20,-0.00024069844937839245
2022-09-21,-0.00033659470819648156
2022-09-22,-5.6587739525659574e-05
2022-09-23,-0.00010016397478607999
2022-09-24,-0.00023448113148455635
2022-09-25,-0.00012186368951917793
2022-09-26,-6.152878175165199e-05
2022-09-27,4.151787771680204e-05
2022-09-28,0.0001922429368778528
2022-09-29,3.765133871179057e-05
2022-09-30,2.7457820876610926e-05
2022-10-01,8.139835963888722e-05
2022-10-02,5.2269267975672364e-05
2022-10-03,8.208172685148373e-05
2022-10-04,0.0002502601129054159
2022-10-05,0.00014677219215047027
2022-10-06,7.359142490778396e-05
2022-10-07,2.1681312379433475e-05
2022-10-08,2.1599976638947802e-05
2022-10-09,8.073375967770368e-05
2022-10-10,-0.00010822583727767657
2022-10-11,-0.00028069221725767087
2022-10-12,-0.0002414937136518505
2022-10-13,-0.00014746932238983242
2022-10-14,-9.25080095032165e-05
2022-10-15,-9.381380642294423e-05
2022-10-16,-4.862617980072712e-05
2022-10-17,0.0001159421436056742
2022-10-18,8.261243203875713e-05
2022-10-19,-1.1295695256761267e-05
2022-10-20,-0.00012806388569289767
2022-10-21,-6.792759047387265e-06
2022-10-22,6.020006874479202e-05
2022-10-23,0.00013365668323052777
2022-10-24,-0.0001026844158728297
2022-10-25,0.00034871400619820213
2022-10-26,0.0006727769835240051
2022-10-27,0.0004898958585241848
2022-10-28,0.0005352920372489421
2022-10-29,0.0005584296751317755
2022-10-30,0.00035739272775749386
2022-10-31,0.0003868025440561251
2022-11-01,0.00012844803571184177
2022-11-02,-0.00019824602753341542
2022-11-03,-2.8729337077726905e-05
2022-11-04,0.00017690465656000517
2022-11-05,0.0001531124759306824
2022-11-06,9.030760017564779e-05
2022-11-07,3.299555637977688e-05
2022-11-08,-0.0005861736084727272
2022-11-09,-0.0009761229151062956
2022-11-10,-0.0005314965801752425
2022-11-11,-0.0007124517106031614
2022-11-12,-0.0006842958304646513
2022-11-13,-0.0006397806267090202
2022-11-14,-0.0005226701219649008
2022-11-15,-0.0002263612304381277
2022-11-16,0.00012193987033647056
2022-11-17,-0.00012316398891936035
2022-11-18,-4.699577047175495e-05
2022-11-19,-1.292769527817535e-05
2022-11-20,-7.937112029953623e-06
2022-11-21,-0.00012367302140912478
2022-11-22,-9.943834737184547e-05
2022-11-23,-8.286595974829776e-06
2022-11-24,-1.341398027046861e-05
2022-11-25,-2.546113073051574e-05
2022-11-26,-3.555660440184681e-05
2022-11-27,2.6485942741184215e-05
2022-11-28,7.379483759939878e-05
2022-11-29,3.825286354762031e-05
2022-11-30,9.133176042119617e-05
2022-12-01,6.264223354740546e-05
2022-12-02,9.27695357045398e-05
2022-12-03,6.918921612978888e-05
2022-12-04,0.0001083247277078146
2022-12-05,0.00011958598288836033
2022-12-06,0.00010128468892689128
2022-12-07,-4.965256643988737e-05
2022-12-08,3.760149314817056e-05
2022-12-09,5.329943522045356e-06
2022-12-10,4.0803454707013465e-05
2022-12-11,-3.1261160223608203e-06
2022-12-12,5.2130303170955426e-05
2022-12-13,0.00019041521992347118
2022-12-14,0.000406832224301426
2022-12-15,6.74606524575705e-05
2022-12-16,-0.0002461527805541444
2022-12-17,-0.00019401435432209397
2022-12-18,-0.0001960256893340537
2022-12-19,-0.0004040558892539264
2022-12-20,-0.0004207832702560133
2022-12-21,-0.0004671639544044787
2022-12-22,-0.0002660812509804772
2022-12-23,6.14079742111704e-05
2022-12-24,2.8280567913386508e-05
2022-12-25,4.341079443606622e-05
2022-12-26,0.00023915235411631547
2022-12-27,-9.995473731136172e-05
2022-12-28,-0.00014084075454639427
2022-12-29,-9.222262632369403e-05
2022-12-30,-9.207102792940249e-05
2022-12-31,-0.00015535096594343161
2023-01-01,-0.00011133184212043333
2023-01-02,-0.0001281877925214555
2023-01-03,-1.661664154498085e-05
2023-01-04,0.00017558472673641034
2023-01-05,0.00011623833194429598
2023-01-06,0.00020422817142805592
2023-01-07,0.00023988859986208059
2023-01-08,0.00028281266530150786
2023-01-09,0.0002804087019985282
2023-01-10,0.00040199984306437086
2023-01-11,0.0005171404084754787
2023-01-12,0.0007877719430350912
2023-01-13,0.0008940924246313179
2023-01-14,0.0009028139932333443
2023-01-15,0.0007391006022972522
2023-01-16,0.0006998169643105051
2023-01-17,0.0006006723733278357
2023-01-18,0.00044072049484360334
2023-01-19,0.00035156822917008305
2023-01-20,0.0004112817553833515
2023-01-21,0.0002731242531369022
2023-01-22,0.00027586165897044735
2023-01-23,0.00025910756580326834
2023-01-24,0.0002291969708110223
2023-01-25,0.00036452101900519653
2023-01-26,0.00029759570229764343
2023-01-27,6.068894633917078e-05
2023-01-28,3.6769770636296205e-05
2023-01-29,0.00015871014829149804
2023-01-30,-1.3252354268885562e-05
2023-01-31,7.886696920292035e-05
2023-02-01,0.0001065903049213644
2023-02-02,7.547283723620959e-05
2023-02-03,5.8637655157846595e-05
2023-02-04,4.931010032571085e-05
2023-02-05,-0.00012654411838870333
2023-02-06,-1.139836823280132e-05
2023-02-07,1.8987189428757588e-05
2023-02-08,-0.00011413661171571647
2023-02-09,-0.0002390187668362931
2023-02-10,-0.0002452621396211573
2023-02-11,-0.00019291432235281323
2023-02-12,-0.00015264054272342564
2023-02-13,-0.0001361598789994973
2023-02-14,-0.0001507291888594441
2023-02-15,0.0002105580268822521
2023-02-16,0.0003052303643260858
2023-02-17,0.0005186408287364065
2023-02-18,0.00048304671352843913
2023-02-19,0.00044622432035699473
2023-02-20,0.0005204547619967834
2023-02-21,0.0003795101595507022
2023-02-22,-2.382177915633319e-05
2023-02-23,6.89662006683978e-05
2023-02-24,-0.00023554700484481548
2023-02-25,-0.000248711567723322
2023-02-26,-0.00012253785827942256
2023-02-27,-0.00021946742766196727
2023-02-28,-0.00021547513113776893
2023-03-01,-8.855883450137858e-05
2023-03-02,-7.774338876663734e-05
2023-03-03,-0.00014112418482960018
2023-03-04,-0.00013845404401958075
2023-03-05,-0.00018737832065725417
2023-03-06,-0.00017976982822060324
2023-03-07,-0.0001571253096561051
2023-03-08,-0.00031782973184180726
2023-03-09,-0.0004952348016174411
2023-03-10,-0.000346201605488148
2023-03-11,-0.00027607243069668246
2023-03-12,-3.877244518545397e-05
2023-03-13,0.00026213078171150647
2023-03-14,0.00035786163991720067
2023-03-15,0.0003678998911617176
2023-03-16,0.0005968144208427192
2023-03-17,0.0007512182570305892
2023-03-18,0.0006042050808131872
2023-03-19,0.0005038099506586009
2023-03-20,0.0002966938243114711
2023-03-21,0.0002763730428767711
2023-03-22,0.00024384064534690338
2023-03-23,0.0002628435017634395
2023-03-24,3.997236034501952e-06
2023-03-25,4.058277592058308e-05
2023-03-26,-3.4575515825067655e-06
2023-03-27,-5.202030954937435e-05
2023-03-28,-7.187322876352223e-05
2023-03-29,8.158446861591327e-05
2023-03-30,-2.382709401394392e-05
2023-03-31,7.76636941655896e-05
2023-04-01,7.758687021589549e-05
2023-04-02,1.5365482595524987e-05
2023-04-03,5.4509829007012576e-05
2023-04-04,7.520166718648774e-05
2023-04-05,-1.4343304755401178e-05
2023-04-06,2.3084097918477494e-07
2023-04-07,-4.611196192206432e-05
2023-04-08,-4.58165027319537e-05
2023-04-09,1.4154691194981816e-05
2023-04-10,0.0001753168805829755
2023-04-11,0.00019385386026201724
2023-04-12,0.00016411082824103402
2023-04-13,0.0002242531555756565
2023-04-14,0.0002443867126488137
2023-04-15,0.00023665538726344484
2023-04-16,0.00023321563998637257
2023-04-17,-2.91713057416432e-05
2023-04-18,2.825986593255883e-05
2023-04-19,-0.00019548892714048335
2023-04-20,-0.00039096825611302396
2023-04-21,-0.0005578161331588784
2023-04-22,-0.000436002983383454
2023-04-23,-0.00044543963085448053
2023-04-24,-0.0003102904716843144
2023-04-25,-0.0003167313971765948
2023-04-26,-6.063496208604253e-05
2023-04-27,0.00019072986136993797
2023-04-28,0.0003209491540446627
2023-04-29,0.00021711083041221505
2023-04-30,0.00024772535590137984
2023-05-01,8.759372524500949e-05
2023-05-02,5.837515989105648e-05
2023-05-03,9.120206919910143e-05
2023-05-04,-9.118577528820328e-05
2023-05-05,3.0496938500706115e-05
2023-05-06,-4.541177442690726e-05
2023-05-07,-9.870978971045779e-05
2023-05-08,-4.6731576312189564e-05
2023-05-09,-0.00015356491471944455
2023-05-10,-0.00021387767316137916
2023-05-11,-0.00028906672296180174
2023-05-12,-0.00041103635245817277
2023-05-13,-0.0003336628004241006
2023-05-14,-0.000267960542845925
2023-05-15,-0.00010656721345312147
2023-05-16,-0.00012013928698962644
2023-05-17,-4.130363097905787e-05
2023-05-18,-3.208920151214171e-05
2023-05-19,1.5464962613042194e-05
2023-05-20,6.302129951210515e-05
2023-05-21,-3.609049460850727e-05
2023-05-22,-6.801398217356522e-05
2023-05-23,4.203775019143297e-05
2023-05-24,-0.00024962411133495704
2023-05-25,-8.323260455789363e-05
2023-05-26,-4.069972676818428e-05
2023-05-27,-6.0920442921117636e-05
2023-05-28,0.00033819371743936175
2023-05-29,0.000234780170663974
2023-05-30,0.00013351806956062647
2023-05-31,0.00025145400567408525
2023-06-01,9.766360134633907e-05
2023-06-02,0.00014860281577275665
2023-06-03,5.7217517505770236e-05
2023-06-04,-0.00025875240083148704
2023-06-05,-0.0005337612368174015
2023-06-06,-0.00011254611305336531
2023-06-07,-0.00023082033475535786
2023-06-08,-8.468957533664229e-05
2023-06-09,-0.00020667890986435515
2023-06-10,-0.000343007588781731
2023-06-11,-0.00036818526372407875
2023-06-12,5.711383329324452e-05
2023-06-13,-0.00045796983289260354
2023-06-14,-0.0004200685266168126
2023-06-15,-0.00031404496160004333
2023-06-16,-5.074152583304311e-05
2023-06-17,0.00021310315591858712
2023-06-18,0.00012946319970770422
2023-06-19,0.0002914599963176375
2023-06-20,0.0006261790679872315
2023-06-21,0.000914980712312914
2023-06-22,0.0006950429003399848
2023-06-23,0.0006245277480664622
2023-06-24,0.0005396473582080028
2023-06-25,0.0005244021233937036
2023-06-26,0.0004205778322312549
2023-06-27,0.0002797214315022678
2023-06-28,9.031789093799186e-06
2023-06-29,6.36332457954011e-05
2023-06-30,-2.6432810625077338e-05
2023-07-01,4.797085190162386e-06
2023-07-02,1.6225243544026222e-05
2023-07-03,9.96259054334151e-05
2023-07-04,8.764185358139507e-06
2023-07-05,5.0533932164384296e-05
2023-07-06,-6.443472059600188e-05
2023-07-07,-1.453741521422286e-05
2023-07-08,-3.548781448729408e-05
2023-07-09,-5.3792817203745804e-05
2023-07-10,-8.895711709131436e-05
2023-07-11,-1.8152140467522578e-05
2023-07-12,-1.45614227724811e-05
2023-07-13,0.00019762329077639053
2023-07-14,-2.4293858604937223e-06
2023-07-15,5.446358560869642e-07
2023-07-16,1.02716116827751e-05
2023-07-17,-3.618758233574015e-05
2023-07-18,-9.961132933157245e-05
2023-07-19,-6.043457020672093e-05
2023-07-20,-0.00020846600096591775
2023-07-21,-5.858108561093405e-05
2023-07-22,-7.756180045792165e-05
2023-07-23,-2.7995184471378205e-05
2023-07-24,-0.00019323978671138907
2023-07-25,-0.0001618442100037424
2023-07-26,-0.00019256394837806833
2023-07-27,-0.0002601085811495349
2023-07-28,-0.00025911632787144727
2023-07-29,-0.00019465133386237894
2023-07-30,-0.0003537394740889074
2023-07-31,2.2589004181704187e-05
2023-08-01,0.0002058896308138398
2023-08-02,-8.855577368924037e-05
2023-08-03,-1.8592140904255966e-05
2023-08-04,-0.00011638039213103993
2023-08-05,-0.00015104170900581912
2023-08-06,-0.00011655205406437852
2023-08-07,-2.4093360359727428e-05
2023-08-08,3.3717426839324156e-05
2023-08-09,0.0001912077246698001
2023-08-10,0.00011741293347516253
2023-08-11,0.00015012687110116168
2023-08-12,0.00020396720369490634
2023-08-13,0.00012921882189818082
2023-08-14,0.0001224717246839219
2023-08-15,-0.000321050236714229
2023-08-16,-0.0004553310738319064
2023-08-17,-0.0010841142934802698
2023-08-18,-0.0009944889956908151
2023-08-19,-0.0008491419597284404
2023-08-20,-0.0007117313971986936
2023-08-21,-0.0006882783811909572
2023-08-22,-0.0006195488779001693
2023-08-23,-0.0004404607556633202
2023-08-24,-9.365401019593024e-05
2023-08-25,3.2569564823337394e-07
2023-08-26,-1.7315677478057984e-05
2023-08-27,-2.0051944500125132e-05
2023-08-28,-4.045902629963032e-06
2023-08-29,0.00030974640087781067
2023-08-30,0.00015873497969683334
2023-08-31,-4.3164987528722786e-05
2023-09-01,-4.78760645967996e-05
2023-09-02,-2.6900555712600384e-05
2023-09-03,-2.265726892496042e-05
2023-09-04,-5.4887036389730894e-05
2023-09-05,-0.0003521597667417007
2023-09-06,-0.00028393306138411263
2023-09-07,6.052139669159419e-05
2023-09-08,2.0308041214626407e-05
2023-09-09,5.606658161082286e-06
2023-09-10,-2.6023163722065386e-05
2023-09-11,-0.00012813130819027118
2023-09-12,1.0649340717631374e-05
2023-09-13,9.038806742994335e-05
2023-09-14,4.9789835087030885e-05
2023-09-15,0.00012749904349536266
2023-09-16,0.00012492678250485467
2023-09-17,0.00013779989368871074
2023-09-18,0.0003323707886565504
2023-09-19,0.0002941917037898388
2023-09-20,0.00021383803962550212
2023-09-21,9.566462711071201e-06
2023-09-22,-7.185530567247062e-06
2023-09-23,5.295023117495516e-06
2023-09-24,-8.85768594096144e-05
2023-09-25,-0.00015106345581776792
2023-09-26,-0.0003110778681691516
2023-09-27,-0.00023230304621385704
2023-09-28,0.00014874797674297694
2023-09-29,0.00010776007030181873
2023-09-30,0.00012476260852889703
2023-10-01,0.0005239413063656786
2023-10-02,0.0003584273804241958
2023-10-03,0.0003527902724362692
2023-10-04,0.0003999998904612632
2023-10-05,0.00012184265828253179
2023-10-06,0.0003589376610062896
2023-10-07,0.0003450258955347729
2023-10-08,-2.0365440963316072e-05
2023-10-09,3.109530787535206e-05
2023-10-10,-1.139823281108104e-05
2023-10-11,-0.0003104828449184929
2023-10-12,-0.0002175197596595127
2023-10-13,-0.00033368631952905846
2023-10-14,-0.0003270549209124244
2023-10-15,-0.00021546991522271094
2023-10-16,0.0002561163910365154
2023-10-17,0.00028202378885556004
2023-10-18,0.0004158137036516061
2023-10-19,0.0005432990073086501
2023-10-20,0.0006847419721829484
2023-10-21,0.0006704757631508074
2023-10-22,0.0005755361656544501
2023-10-23,0.0007606627141115011
2023-10-24,0.0007953335177727043
2023-10-25,0.0007860529894654295
2023-10-26,0.0006578273833029934
2023-10-27,0.0005030142425291418
2023-10-28,0.00048357044709102225
2023-10-29,0.0005120160204573359
2023-10-30,0.00015283402790036075
2023-10-31,7.800081044566438e-05
2023-11-01,9.726415666198081e-05
2023-11-02,8.276037940732762e-05
2023-11-03,8.66447136313413e-05
2023-11-04,0.00010422399791096379
2023-11-05,5.218523598825185e-05
2023-11-06,5.7757270928656845e-05
2023-11-07,7.881575692267348e-05
2023-11-08,2.020992498966494e-05
2023-11-09,0.00017953292849878948
2023-11-10,0.00027166147920840817
2023-11-11,0.00022172013777771075
2023-11-12,0.00023103345049365907
2023-11-13,0.00017191400251152848
2023-11-14,1.611899255193214e-05
2023-11-15,0.00027219690186434687
2023-11-16,-6.41262767579173e-05
2023-11-17,-7.820704536766429e-05
2023-11-18,-6.0343614191510396e-05
2023-11-19,3.326122457654226e-05
2023-11-20,0.00010841797061054693
2023-11-21,2.3384108603894285e-05
2023-11-22,-5.022186740304719e-05
2023-11-23,0.0001384266899647014
2023-11-24,0.00015571220299759943
2023-11-25,0.0001994561663828513
2023-11-26,1.3019119199176942e-05
2023-11-27,-4.807848063222612e-05
2023-11-28,0.000578166315560439
2023-11-29,0.00011991025338767206
2023-11-30,0.00011794800848634996
2023-12-01,0.0002591010305042477
2023-12-02,0.0004381993802086347
2023-12-03,0.0006300172428108895
2023-12-04,0.0009582174174710447
2023-12-05,0.0009875415885870105
2023-12-06,0.0008278239065528517
2023-12-07,0.0007233581504210876
2023-12-08,0.0006635310366892907
2023-12-09,0.000500877734353115
2023-12-10,0.00044156185074977356
2023-12-11,-8.52132462341406e-05
2023-12-12,-0.0002727271647663442
2023-12-13,-8.922177891261684e-05
2023-12-14,-2.5695741946819792e-05
2023-12-15,-0.0002195666234940231
2023-12-16,-0.00014326690838230118
2023-12-17,-0.00023283087258811123
2023-12-18,0.00013827610207682069
2023-12-19,7.800163657212883e-05
2023-12-20,7.418399451077648e-05
2023-12-21,7.995857364082878e-05
2023-12-22,0.00020002201232858805
2023-12-23,0.00014395938248222225
2023-12-24,0.00016486189452646647
2023-12-25,9.08318660690083e-05
2023-12-26,2.4435528775701857e-05
2023-12-27,-1.914452096588491e-05
2023-12-28,-0.00012161905596058946
2023-12-29,-0.00017925152489583275
2023-12-30,-0.00014473701901524156
2023-12-31,-6.761620668374405e-05
2024-01-01,5.3403292780872595e-05
2024-01-02,0.00021830803234956024
2024-01-03,-5.730897189398935e-05
2024-01-04,0.00016172508576191004
2024-01-05,0.00023312611632054836
2024-01-06,0.00022577479872766093
2024-01-07,0.00023099508764831857
2024-01-08,0.00038863108989451914
2024-01-09,0.00017430678460778238
2024-01-10,0.0005493174098386807
2024-01-11,0.0003217273069775157
2024-01-12,-0.00021515499312715238
2024-01-13,-0.00017409483360288297
2024-01-14,-0.00034491066943389946
2024-01-15,-0.0005924671984924982
2024-01-16,-0.0003898976670119909
2024-01-17,-0.0004756869148059685
2024-01-18,-0.0005663888548476747
2024-01-19,-0.00013311880530570281
2024-01-20,-0.00013404555572383688
2024-01-21,-1.599346280639435e-05
2024-01-22,-0.0003527193521820815
2024-01-23,-0.00037670161816469924
2024-01-24,-0.00030597464578650433
2024-01-25,-0.00015778802946738205
2024-01-26,2.1781162254991754e-05
2024-01-27,5.058904856865176e-05
2024-01-28,5.2180869055632374e-05
2024-01-29,0.00041019208063707767
2024-01-30,0.00032162296704232873
2024-01-31,0.00025521807088409854
2024-02-01,0.0003170776813927389
2024-02-02,0.00013427875519273768
2024-02-03,8.640236114912564e-05
2024-02-04,5.439001231448968e-05
2024-02-05,-6.37265198876171e-05
2024-02-06,1.4908681797308103e-05
2024-02-07,0.00018030271517022732
2024-02-08,0.00021916136850290056
2024-02-09,0.00038086427989843843
2024-02-10,0.0004345926580660494
2024-02-11,0.0004884815097449944
2024-02-12,0.0005586130042149512
2024-02-13,0.00048588018078113085
2024-02-14,0.0005218305637848695
2024-02-15,0.0004507417328871549
2024-02-16,0.0003434090518256127
2024-02-17,0.0002883071517871278
2024-02-18,0.0002843278069449657
2024-02-19,0.00013763460585511472
2024-02-20,0.00019146629426127144
2024-02-21,7.970572617000966e-07
2024-02-22,-5.6245170553512476e-05
2024-02-23,-0.00012413987282694928
2024-02-24,-8.428209547075048e-06
2024-02-25,-3.631896700406172e-05
2024-02-26,0.00023888924484485004
2024-02-27,0.0004109684888228725
2024-02-28,0.0008044956554635231
2024-02-29,0.0007169162092686949
2024-03-01,0.0007757953876550007
2024-03-02,0.0006603171552089886
2024-03-03,0.0006830723712142169
2024-03-04,0.0007359851720113875
2024-03-05,0.0003690043543185705
2024-03-06,0.00019165679190205325
2024-03-07,0.00031515390957329254
2024-03-08,0.0003169974356186875
2024-03-09,0.0003513457889379842
2024-03-10,0.00031793791119067723
2024-03-11,0.00019001774375820493
2024-03-12,0.00040265134007715856
2024-03-13,0.00036298138199651516
2024-03-14,0.00023287487832100368
2024-03-15,6.446125373882974e-05
2024-03-16,-0.0001638056092560609
2024-03-17,-3.219378804643252e-05
2024-03-18,-0.0002035881564401153
2024-03-19,-0.0004055119032189885
2024-03-20,-0.00020346447958106032
2024-03-21,-0.00022451373109249635
2024-03-22,-0.00021612688896850417
2024-03-23,-4.9182477659836405e-05
2024-03-24,-4.328449015978747e-05
2024-03-25,8.469493989026998e-05
2024-03-26,0.0003124461267159471
2024-03-27,5.849214820603194e-05
2024-03-28,0.00019813986944962943
2024-03-29,0.00023888128953154856
2024-03-30,0.00022705842684707367
2024-03-31,0.00016826236616592795
2024-04-01,-8.715635692630929e-06
2024-04-02,-0.0002051935871077539
2024-04-03,-0.00017181684921964535
2024-04-04,-0.00011159045217558348
2024-04-05,-0.00010152613879562827
2024-04-06,-3.598433501526978e-05
2024-04-07,-9.83428977198801e-05
2024-04-08,0.00010000858814844859
2024-04-09,0.0002013434975945311
2024-04-10,0.00024996025750193896
2024-04-11,8.343400638736273e-05
2024-04-12,-4.172496140604456e-05
2024-04-13,-0.00029491866967662147
2024-04-14,-0.00021153016113677103
2024-04-15,-0.0004607692443044188
2024-04-16,-0.0002978451696431521
2024-04-17,-0.0005034091928704313
2024-04-18,-0.0003585535763528717
2024-04-19,-0.00018722864456841733
2024-04-20,5.604905053887107e-05
2024-04-21,-4.7879801446954124e-05
2024-04-22,0.00019947894784625787
2024-04-23,0.00015066970248390745
2024-04-24,0.0001789629630719891
2024-04-25,6.145795102972938e-05
2024-04-26,-6.182211171367991e-06
2024-04-27,-0.00010053469316214418
2024-04-28,-0.00012691747780689671
2024-04-29,-0.00021364921541973625
2024-04-30,-0.00042691169162163245
2024-05-01,-0.0004457325288690872
2024-05-02,-0.00039433967221783663
2024-05-03,-5.939679362613373e-05
2024-05-04,3.31399189904587e-05
2024-05-05,6.486190524969466e-05
2024-05-06,-4.761127368616562e-05
2024-05-07,0.00012073012260011454
2024-05-08,0.0002107262799545361
2024-05-09,0.00028099584266527434
2024-05-10,-0.00015415699184557032
2024-05-11,-0.00022357045044429656
2024-05-12,-0.0001859888835655283
2024-05-13,-1.712004172550365e-05
2024-05-14,-5.741463075374428e-05
2024-05-15,0.00036544727109864036
2024-05-16,0.00015726842830813303
2024-05-17,0.0004724971037335969
2024-05-18,0.0004598503762060145
2024-05-19,0.0003570435961300152
2024-05-20,0.0005535453027657865
2024-05-21,0.0005340432093463383
2024-05-22,0.00017434190263003886
2024-05-23,0.0001659146353563356
2024-05-24,9.095499835124476e-05
2024-05-25,0.00014252610340057852
2024-05-26,0.00013536834261736208
2024-05-27,-0.00011900753655797059
2024-05-28,-0.00010732855169400739
2024-05-29,-9.389766713250869e-05
2024-05-30,2.5797230575734826e-05
2024-05-31,-7.405952356578124e-05
2024-06-01,-0.0001154634346028699
2024-06-02,-5.5593142034339654e-05
2024-06-03,-4.271044396149048e-05
2024-06-04,0.00016050071640898042
2024-06-05,0.0002575980033945151
2024-06-06,0.00017584353290011072
2024-06-07,0.0001367243884823081
2024-06-08,0.00011825784632435472
2024-06-09,0.0001454278304829703
2024-06-10,5.6062138030704616e-05
2024-06-11,-0.00025553973491006775
2024-06-12,-0.00021820272387320465
2024-06-13,-0.00029777132378831263
2024-06-14,-0.00024627362277591377
2024-06-15,-0.00022431323903094312
2024-06-16,-0.00022016186394705603
2024-06-17,-0.0002284270095102896
2024-06-18,-0.00017162399693442616
2024-06-19,-0.0002906403129161709
2024-06-20,-0.00020685269655081759
2024-06-21,-0.00021469674401189236
2024-06-22,-0.0002276125405811041
2024-06-23,-0.0004040689398854587
2024-06-24,-0.0006998887791033625
2024-06-25,-0.0003869696454770147
2024-06-26,-0.00046674668786151594
2024-06-27,-0.0003579805280002359
2024-06-28,-0.00042119147109970673
2024-06-29,-0.000369937673782098
2024-06-30,-5.427901013157223e-05
2024-07-01,0.0002726517421894052
2024-07-02,2.5956711213509906e-05
2024-07-03,-7.156652152615334e-05
2024-07-04,-0.0005052846576268621
2024-07-05,-0.00043881189956758296
2024-07-06,-0.0003301126296939751
2024-07-07,-0.0008260017318231403
2024-07-08,-0.0007377895694387635
2024-07-09,-0.0005136393994351227
2024-07-10,-0.00033625596571786894
2024-07-11,4.1829739575018484e-05
2024-07-12,0.00016062552624490314
2024-07-13,0.0001153109517747347
2024-07-14,0.0004977946941164739
2024-07-15,0.0006311904586067908
2024-07-16,0.0004867337471988385
2024-07-17,0.0004137700608261001
2024-07-18,0.0004055124903393787
2024-07-19,0.0004846081765130287
2024-07-20,0.000408888166784902
2024-07-21,0.00035852002356784557
2024-07-22,0.00013273835067486065
2024-07-23,4.1127381514623944e-05
2024-07-24,6.443841717526704e-05
2024-07-25,9.213769763204373e-05
2024-07-26,6.075898280712719e-05
2024-07-27,3.738888584010691e-05
2024-07-28,3.8608417913777615e-06
2024-07-29,-4.1219007019349524e-05
2024-07-30,1.2849965345152619e-05
2024-07-31,-4.112438018754344e-05
2024-08-01,-2.653231331139411e-05
2024-08-02,-0.00033957639824157217
2024-08-03,-0.00037073611524967686
2024-08-04,-0.000493998433971616
2024-08-05,-0.0005860740655176432
2024-08-06,-0.0004454993684758443
2024-08-07,-0.00041398896924593526
2024-08-08,-0.00014785068538366507
2024-08-09,-2.3734917999519364e-05
2024-08-10,1.1278752999803181e-05
2024-08-11,2.6455480440989157e-05
2024-08-12,0.00024318651374726226
2024-08-13,0.00020224103336669678
2024-08-14,0.00016652451258218664
2024-08-15,-0.00018820567443844017
2024-08-16,-9.11631566497425e-05
2024-08-17,-6.827138735176335e-05
2024-08-18,-1.4721582314089502e-05
2024-08-19,5.552460722538607e-06
2024-08-20,-8.916300779433937e-05
2024-08-21,0.00013915766625335424
2024-08-22,0.00016016727540189033
2024-08-23,0.00027349147536743254
2024-08-24,0.0002403092340969467
2024-08-25,0.000292035817735861
2024-08-26,0.0001682243151983729
2024-08-27,2.122758773479037e-05
2024-08-28,-0.00010737419190279795
2024-08-29,-5.1607289742915806e-05
2024-08-30,-0.00024232784244911104
2024-08-31,-0.000251499900336263
2024-09-01,-0.00033938471670225676
2024-09-02,-0.00018296629278521245
2024-09-03,-0.0001063959539871302
2024-09-04,-6.544651052454096e-05
2024-09-05,-0.00021679413486289619
2024-09-06,-0.00038493321034444397
2024-09-07,-0.0003520179971519803
2024-09-08,-0.00017805110718321652
2024-09-09,-0.00014726880640871583
2024-09-10,1.1424240155012983e-05
2024-09-11,-4.6541280994672036e-05
2024-09-12,0.00015403164014037867
2024-09-13,0.0004865071171195858
2024-09-14,0.0004148019404413326
2024-09-15,0.0002953597361865718
2024-09-16,7.908966950578999e-05
2024-09-17,0.00017789699362448164
2024-09-18,0.0002845040146825004
2024-09-19,0.0002996635344290143
2024-09-20,0.00016179443439611542
2024-09-21,0.0002037098113942056
2024-09-22,0.0002738296884740983
2024-09-23,0.0003174176314879301
2024-09-24,0.00024299444922710217
2024-09-25,8.465355575883301e-05
2024-09-26,0.00013334297742463724
2024-09-27,0.00015425375716518396
2024-09-28,0.00014944890339606634
2024-09-29,0.00012498758473789687
2024-09-30,-1.787104470190488e-06
2024-10-01,-0.00024702744290493265
2024-10-02,-0.00018192907888509615
2024-10-03,-0.00030831675223660297
2024-10-04,-0.00024725871813364986
2024-10-05,-0.00025397572695808827
2024-10-06,-0.0001933044533159493
2024-10-07,-8.272498948412273e-05
2024-10-08,0.00010507020414370268
2024-10-09,-4.586949004623998e-06
2024-10-10,-3.770452801477249e-05
2024-10-11,3.346782293882364e-05
2024-10-12,8.954960010463922e-05
2024-10-13,2.7256228901045315e-06
2024-10-14,0.00032847488842393353
2024-10-15,0.0004166036907913004
2024-10-16,0.0005617608738029691
2024-10-17,0.0005432041706785574
2024-10-18,0.0004335542664582817
2024-10-19,0.00037801278348305816
2024-10-20,0.00043743669476079103
2024-10-21,9.084533032471566e-05
2024-10-22,2.3059911546718676e-05
2024-10-23,-7.2394813392682e-05
2024-10-24,5.47392650669512e-05
2024-10-25,-0.00013298461918634833
2024-10-26,-9.679151417729096e-05
2024-10-27,-7.59324977954971e-05
2024-10-28,0.00018091671660906643
2024-10-29,0.00035975727172870637
2024-10-30,0.0003788499726067286
2024-10-31,0.00014016478851262243
2024-11-01,0.0002059881310765772
2024-11-02,0.0001760841083967362
2024-11-03,6.342846035638706e-05
2024-11-04,-0.0001718577474671304
2024-11-05,-0.00026246358014564924
2024-11-06,0.0002536654282884789
2024-11-07,0.00043517222108165055
2024-11-08,0.0005275006456080538
2024-11-09,0.0005385985917171145
2024-11-10,0.0007673888910478488
2024-11-11,0.0010295327744995434
2024-11-12,0.0008172316432882021
2024-11-13,0.0005893238282766855
2024-11-14,0.00045289132445858535
2024-11-15,0.0005460936859277982
2024-11-16,0.0005142046809516822
2024-11-17,0.00034150306865987634
2024-11-18,5.987754100117808e-05
2024-11-19,0.00014838726449176382
2024-11-20,0.00012896502069639705
2024-11-21,0.0003691886452370185
2024-11-22,0.0002636905506293584
2024-11-23,0.00024146014154448247
2024-11-24,0.0002854996798233869
2024-11-25,9.192741425919065e-05
2024-11-26,-1.891811360023948e-05
2024-11-27,5.5757976266645014e-05
2024-11-28,-9.24947113878276e-05
2024-11-29,-4.8360066547922274e-05
2024-11-30,-4.147768371210879e-05
2024-12-01,-2.3343537826935975e-05
2024-12-02,9.235238580033993e-05
2024-12-03,0.0001325733627326503
2024-12-04,9.096756968405268e-05
2024-12-05,4.700545217351489e-05
2024-12-06,7.87777369211091e-05
2024-12-07,0.0001139909969905807
2024-12-08,0.0001275950798780857
2024-12-09,4.918422960775328e-05
2024-12-10,2.4644347497912725e-05
2024-12-11,9.173269655304624e-05
2024-12-12,0.00013172129824754174
2024-12-13,7.252676123148364e-05
2024-12-14,7.4037279619425e-05
2024-12-15,0.0001840666853514614
2024-12-16,0.0005930554511837099
2024-12-17,0.0006661545095011666
2024-12-18,-7.297142475136161e-05
2024-12-19,-0.0001805296829293014
2024-12-20,-0.00023482141256275012
2024-12-21,-0.00028477042826595655
2024-12-22,-0.0005759353810290784
2024-12-23,-0.0006231468970550413
2024-12-24,-0.0004068536923035986
2024-12-25,-4.400672132848806e-05
2024-12-26,-9.748666906660207e-05
2024-12-27,-0.00020534189526292773
2024-12-28,-0.00011891900530330153
2024-12-29,-8.924706860249458e-05
2024-12-30,-0.00012414122006752603
2024-12-31,-0.00029064152696851403
2025-01-01,-0.0002713959146647511
2025-01-02,6.817733804247804e-05
2025-01-03,0.000220073699155693
2025-01-04,0.00016836874701250788
2025-01-05,0.0002598045097998796
2025-01-06,0.00048464852006693777
2025-01-07,0.0001829602687688021
2025-01-08,3.413857724977532e-05
2025-01-09,-0.00022301770499997577
2025-01-10,-0.00017223072826827007
2025-01-11,-0.00018369122866813812
2025-01-12,-0.00019304566694854352
2025-01-13,-0.000373041608017318
2025-01-14,-2.054290855672442e-05
2025-01-15,0.00027617208269359214
2025-01-16,0.0003906544979249105
2025-01-17,0.0004435186652931173
2025-01-18,0.00043543574723133396
2025-01-19,0.0002939418648394748
2025-01-20,0.00032515988115435027
2025-01-21,0.00039994767556263106
2025-01-22,0.00014026774476129096
2025-01-23,0.00018310109209154394
2025-01-24,3.3692976162118676e-05
2025-01-25,1.3733570725445694e-05
2025-01-26,6.496883928281902e-05
2025-01-27,-3.976655050357446e-06
2025-01-28,-0.0002252645427144471
2025-01-29,3.446410085902956e-06
2025-01-30,3.8693798626376304e-05
2025-01-31,-0.00012081823348661315
2025-02-01,-0.0002002519120109502
2025-02-02,-0.00023885273442901612
2025-02-03,-2.935034330233088e-05
2025-02-04,-0.00016924188958090483
2025-02-05,-0.0003460971560163449
2025-02-06,-0.0003807555543945244
2025-02-07,-0.00027107709344446776
2025-02-08,-0.0001932233628647071
2025-02-09,-5.619914148820854e-05
2025-02-10,-0.0001855082680833545
2025-02-11,-9.683141079021004e-05
2025-02-12,6.191185654515248e-05
2025-02-13,3.4428427490949095e-06
2025-02-14,4.968482803131425e-05
2025-02-15,5.9274197467819706e-05
2025-02-16,-2.016960279904256e-05
2025-02-17,-0.00010457766320450875
2025-02-18,-1.0114189145223139e-05
2025-02-19,-8.981281897992542e-05
2025-02-20,0.0001481172078832375
2025-02-21,-0.00012333831459048877
2025-02-22,-9.841386682501839e-05
2025-02-23,1.391018545009637e-05
2025-02-24,-0.0004262093661304481
2025-02-25,-0.0006826134173711025
2025-02-26,-0.0009940384833515697
2025-02-27,-0.0009043077618616958
2025-02-28,-0.0007298572495546184
2025-03-01,-0.0006191275973497607
2025-03-02,-0.00011242128986966596
2025-03-03,-0.000323270266122285
2025-03-04,-8.19470942918357e-05
2025-03-05,0.0003642468217287427
2025-03-06,0.0002806614513949071
2025-03-07,0.00013130920941738336
2025-03-08,9.421891707459035e-06
2025-03-09,-0.0006639786973040558
2025-03-10,-0.0003874924638454193
2025-03-11,-0.0002139222128504812
2025-03-12,-0.0003312304111330273
2025-03-13,-0.0004211782187984527
2025-03-14,-0.00013344240146860193
2025-03-15,-9.061607668578206e-05
2025-03-16,9.326149178420943e-05
2025-03-17,0.00026591108848581337
2025-03-18,-9.678334852878194e-06
2025-03-19,0.00014592227045546539
2025-03-20,0.00014278308512482294
2025-03-21,2.938722680131442e-06
2025-03-22,-2.3592112327233405e-05
2025-03-23,0.00015649135950757093
2025-03-24,0.00015012811184130596
2025-03-25,0.00019997019461696813
2025-03-26,1.8807591756027712e-06
2025-03-27,0.00012720887689018326
2025-03-28,1.461624197558904e-05
2025-03-29,-5.9250095759991743e-05
2025-03-30,-0.00019133152454301115
2025-03-31,-0.00026691958473561015
2025-04-01,-0.00011943003654404526
2025-04-02,-0.0002393292811038671
2025-04-03,-0.00021610794036487415
2025-04-04,-2.9622427116337197e-05
2025-04-05,5.1541794239797737e-05
2025-04-06,-0.00024473185636895127
2025-04-07,-0.00020551238640660025
2025-04-08,-0.0005822529621289888
2025-04-09,6.441195500356461e-06
2025-04-10,-0.000245160650038831
2025-04-11,-3.267464268095467e-05
2025-04-12,0.00013102306956756923
2025-04-13,0.00039620793665887805
2025-04-14,0.00038169787950589917
2025-04-15,0.0004968558649443666
2025-04-16,9.626867917628961e-05
2025-04-17,0.0003524162837144937
2025-04-18,6.944604249807217e-05
2025-04-19,-1.3560604328249083e-05
2025-04-20,9.307748658487889e-05
2025-04-21,0.00018551177095650889
2025-04-22,0.0005598596422717636
2025-04-23,0.0005165881348241179
2025-04-24,0.00046204171028534107
2025-04-25,0.000492022729247844
2025-04-26,0.00044129192940827805
2025-04-27,0.0003862432135273817
2025-04-28,0.0003265766097241308
2025-04-29,3.399920714862576e-05
2025-04-30,2.0221744810302868e-05
2025-05-01,0.00011043151257892733
2025-05-02,0.00010058136105489825
2025-05-03,5.842301168216439e-05
2025-05-04,2.9568422692956895e-05
2025-05-05,-1.2645293600827398e-05
2025-05-06,0.00012527907639865265
2025-05-07,0.00014535645065263397
2025-05-08,0.00038603592187281513
2025-05-09,0.00035138255252955116
2025-05-10,0.0005488173399111961
2025-05-11,0.0006115981480862732
2025-05-12,0.0005086205806987629
2025-05-13,0.0004533362704915188
2025-05-14,0.0004039674274104536
2025-05-15,3.161999935884227e-05
2025-05-16,3.070807944727273e-05
2025-05-17,-9.368285369456807e-05
2025-05-18,0.00013295353252376646
2025-05-19,0.0001634571111770346
2025-05-20,0.00015787279946410156
2025-05-21,0.0003518878430236706
2025-05-22,0.0004642891407383273
2025-05-23,0.00023878541889770782
2025-05-24,0.00029881964814804486
2025-05-25,0.00017217470408810188
2025-05-26,0.00027795034045419067
2025-05-27,0.00015952856795180517
2025-05-28,-0.00014015272097039224
2025-05-29,-0.0004070529672380992
2025-05-30,-0.00021502690629102993
2025-05-31,-0.00019435104505287888
2025-06-01,-0.00019746469707763976
2025-06-02,-0.00020215801704439888
2025-06-03,-0.00019572318511631173
2025-06-04,-0.000168721995915227
2025-06-05,-0.00021820283890749937
2025-06-06,1.9089347366523068e-05
2025-06-07,5.304478275530617e-05
2025-06-08,4.2531004967679e-06
2025-06-09,0.0002485188644307301
2025-06-10,0.0002942193452478172
2025-06-11,0.00025406656825895736
2025-06-12,0.0002873555713361473
2025-06-13,0.00012342270064921954
2025-06-14,-1.0246677261023147e-05
2025-06-15,-1.092482566661908e-05
2025-06-16,-0.00023437197186739855
2025-06-17,-0.00037372763801580503
2025-06-18,-0.00024407060029455602
2025-06-19,-6.819886444009416e-05
2025-06-20,-0.00019431211234406518
2025-06-21,-0.0002503187323212026
2025-06-22,-0.0003515585247973456
2025-06-23,-0.000111521363952818
2025-06-24,0.00012161521198008546
2025-06-25,0.00019820484483349868
2025-06-26,0.00018540965413856324
2025-06-27,0.0002946575976116925
2025-06-28,0.0003999721888293402
2025-06-29,0.0005279393672259112
2025-06-30,0.00012412368546862966
2025-07-01,-2.9648654747309343e-05
2025-07-02,0.00010747227529478141
2025-07-03,0.00019259955045816096
2025-07-04,6.954038531568875e-05
2025-07-05,7.022790285104671e-05
2025-07-06,6.525497966723389e-05
2025-07-07,8.667352881745288e-05
2025-07-08,0.0002517246557030292
2025-07-09,0.00018580611200204992
2025-07-10,0.0004721155736702996
2025-07-11,0.0006477332569576312
2025-07-12,0.0005870741927023497
2025-07-13,0.0005790200718676993
2025-07-14,0.0006263607163704499
2025-07-15,0.00046461623606661986
2025-07-16,0.00038832853840622077
2025-07-17,0.00017795167725767638
2025-07-18,2.5618533203451367e-05
2025-07-19,2.5509848034339907e-05
2025-07-20,-0.00010412657594624724
2025-07-21,-0.0001422922889281471
2025-07-22,0.00014191753942570127
2025-07-23,6.9760661856905365e-06
2025-07-24,-5.587621726819219e-05
2025-07-25,-2.3916241030497122e-05
2025-07-26,3.5891334619257793e-06
2025-07-27,0.00013184320606611697
2025-07-28,3.829881732732155e-05
2025-07-29,-0.00012811254513873927
2025-07-30,-5.833749080834106e-05
2025-07-31,-0.00015940467580596022
2025-08-01,-0.00025706198190158526
2025-08-02,-0.0003026155577549838
2025-08-03,-0.00027616545099763023
2025-08-04,-0.0001557913465868498
2025-08-05,-0.00019510118487984734
2025-08-06,-0.00014156513233796935
2025-08-07,8.846507319166489e-05
2025-08-08,0.00017482740334303227
2025-08-09,0.0002053296136834687
2025-08-10,0.0002701012568049764
2025-08-11,0.00020473724101446997
2025-08-12,0.00035478035340935285
2025-08-13,0.0005200774352574721
2025-08-14,5.98168618889461e-05
2025-08-15,5.576229253115195e-05
2025-08-16,7.328813782884338e-05
2025-08-17,-0.00013562154060668102
2025-08-18,-0.00017988763335903188
2025-08-19,-0.0005070372287735047
2025-08-20,-0.0005709175059647364
2025-08-21,-0.00037254817411616593
2025-08-22,-3.300579508291812e-05
2025-08-23,-0.00012989385506672712
2025-08-24,-0.0002494638782598934
2025-08-25,-0.0003797658782841335
2025-08-26,-6.70378860417024e-05
2025-08-27,-0.0001890424128129755
2025-08-28,5.6721496946541995e-06
2025-08-29,-0.0005066401544954393
2025-08-30,-0.00038281624575969473
2025-08-31,-0.0003057937767147239
2025-09-01,-5.366943894512227e-05
2025-09-02,-3.347301712096785e-05
2025-09-03,2.8356614301932464e-05
2025-09-04,-0.00011103839544471387
2025-09-05,0.0001385451746648453
2025-09-06,8.48329464097859e-05
2025-09-07,0.00017460250261497833
2025-09-08,0.00017235307133115852
2025-09-09,1.897463341122505e-05
2025-09-10,0.00013971084100188164
2025-09-11,0.000303757274050794
2025-09-12,0.00035911087589244955
2025-09-13,0.0003610521779551101
2025-09-14,0.0002573481534961792
2025-09-15,0.00019860119210335071
2025-09-16,0.00030492754655177696
2025-09-17,0.00014186056568447073
2025-09-18,9.272842963336825e-05
2025-09-19,-2.6210685826390448e-05
2025-09-20,-1.4233346017683731e-05
2025-09-21,-3.449312451757833e-06
2025-09-22,-0.00017712217627076864
2025-09-23,-0.0003162103990698175
2025-09-24,-0.00021315661318519217
2025-09-25,-0.0005159856635106743
2025-09-26,-0.00037270833289104407
2025-09-27,-0.0003629117892176736
2025-09-28,-0.00019559584828063967
2025-09-29,0.0001110482623437355
2025-09-30,0.00014181579782844344
2025-10-01,0.00035119517268444997
2025-10-02,0.0006836389709554541
2025-10-03,0.0006606450734178271
2025-10-04,0.0006177920163987396
2025-10-05,0.0005136089667032197
2025-10-06,0.00044683387034854686
2025-10-07,0.000318808569791186
2025-10-08,0.00019799489647573328
2025-10-09,4.571634213922035e-05
2025-10-10,-0.0003785045424429198
2025-10-11,-0.00044308681278485177
2025-10-12,-0.00030388708376618423
2025-10-13,-0.0003279248141316499
2025-10-14,-0.00028902530014486403
2025-10-15,-0.00041632577043535337
2025-10-16,-0.00043815797327373683
2025-10-17,-0.00021978538829736134
2025-10-18,-0.0001206365840802924
2025-10-19,-0.00020973303782084696
2025-10-20,-0.00015248372712515506
2025-10-21,-0.00015566701998431863
2025-10-22,-0.00010768023335497258
2025-10-23,6.367188529641489e-05
2025-10-24,0.00015168121845470701
2025-10-25,0.00014753200249197632
2025-10-26,0.00018991088505316138
2025-10-27,0.00011432708966269528
2025-10-28,0.00014880034000558362
2025-10-29,8.18358547838155e-05
2025-10-30,-5.928098993965371e-05
2025-10-31,-4.8443712059140096e-05
2025-11-01,-5.3733673661339706e-05
2025-11-02,-0.00014246612853024932
2025-11-03,-0.0002903264118522958
2025-11-04,-0.000467758962748444
2025-11-05,-0.00026973398510206603
2025-11-06,-0.00032794800554746906
2025-11-07,-0.00029802710392647655
2025-11-08,-0.0003731230311220391
2025-11-09,-0.00027860471249563503
2025-11-10,-2.927022859893528e-05
2025-11-11,7.863108491137791e-05
2025-11-12,-0.00011540008058894821
2025-11-13,-8.880529278412464e-05
2025-11-14,-0.0004874828863674888
2025-11-15,-0.00039738647728445144
2025-11-16,-0.0005860961576985675
2025-11-17,-0.0007075662606168738
2025-11-18,-0.0005050486426701836
2025-11-19,-0.0005002730390648467
2025-11-20,-0.0006267255339822216
2025-11-21,-0.0004576988648115498
2025-11-22,-0.0005177485189778684
2025-11-23,-0.0003645341645572663
2025-11-24,-0.00019895230382928827
2025-11-25,-0.0003112813278000147
2025-11-26,-5.703020245497895e-05
2025-11-27,0.0002744120597993549
2025-11-28,0.0003192138073576193
2025-11-29,0.00031089287828569906
2025-11-30,0.00017190066847058932
2025-12-01,-9.765299576940841e-05
2025-12-02,0.00018315309329233043
2025-12-03,0.00012983464237013658
2025-12-04,3.432049246946298e-05
2025-12-05,-7.005735190839343e-05
2025-12-06,-7.090798072010791e-05
2025-12-07,1.453441272185936e-06
2025-12-08,0.00019375487491134975
2025-12-09,5.8865100610702346e-05
2025-12-10,-6.0170620725658944e-05
2025-12-11,1.8710543493000823e-05
2025-12-12,4.019809262030116e-05
2025-12-13,4.319856204066766e-05
2025-12-14,-9.905606230914682e-05
2025-12-15,-0.0001898298974834951
2025-12-16,-0.00021841992484409418
2025-12-17,-0.000281133549707185
2025-12-18,-0.00034820974199065575
2025-12-19,-0.00011113699106095421
2025-12-20,-0.00010853130020026006
2025-12-21,2.9060693082602455e-05
2025-12-22,0.0001461693875521822
2025-12-23,-2.9792800974061794e-05
2025-12-24,0.00010374162353279642
2025-12-25,0.00013311603027071355
2025-12-26,-6.09170016716363e-05
2025-12-27,-4.104550885750263e-05
2025-12-28,-6.420957021976935e-05
2025-12-29,-0.00013271895351700603
2025-12-30,9.282141083572994e-05
2025-12-31,-9.757459884023446e-06
2026-01-01,0.0001562108253515001
2026-01-02,0.00026395483022964236
2026-01-03,0.00026861959263671623
2026-01-04,0.00033525268570905846
2026-01-05,0.0005623610254893703
2026-01-06,0.000418794042455667
2026-01-07,0.0003054317149134799
2026-01-08,0.00018357954341293912
2026-01-09,4.532526958222475e-05
2026-01-10,-1.655187882841348e-05
2026-01-11,-4.874050541549292e-05
2026-01-12,-0.00020656972330628925
2026-01-13,0.0001258144352895883
2026-01-14,0.00042884346857339286
2026-01-15,0.00035753662127161454
2026-01-16,0.0004184602605698339
2026-01-17,0.00045897423387784224
2026-01-18,0.0002794622282924218
2026-01-19,0.00014527921398960742
2026-01-20,-0.0006175976066577582
2026-01-21,-0.0005669520081150088
2026-01-22,-0.0004277325162652187
2026-01-23,-0.00039675872717079047
2026-01-24,-0.00037874134031660783
2026-01-25,-0.00042889584482128
2026-01-26,-0.00025474372556164726
2026-01-27,4.876863692507922e-05
2026-01-28,-1.1931367091253699e-05
2026-01-29,-0.00029850366599843797
2026-01-30,-0.0003152358757727229
2026-01-31,-0.0005785804177686554
2026-02-01,-0.0005176975767204504
2026-02-02,-0.0004814737690294291
2026-02-03,-0.0006341394184065796
2026-02-04,-0.0007183278548803534
2026-02-05,-0.000897022986150311
2026-02-06,-0.0005211594465830352
2026-02-07,-0.0003769993419161426
2026-02-08,-0.0002681669546123167
2026-02-09,-0.00034473499302513643
2026-02-10,-0.00028584009576608
2026-02-11,-0.0002573309849656535
2026-02-12,0.0001563271108169828
2026-02-13,-7.568311912528895e-05
2026-02-14,2.3952634890908883e-05
2026-02-15,-6.996354194885387e-05
2026-02-16,-6.023788390394027e-05
2026-02-17,-6.762510244985173e-05
2026-02-18,-3.1858057334266795e-05
2026-02-19,3.9204810375181746e-05
2026-02-20,-4.050951815416587e-05
2026-02-21,-8.90770487553872e-05
2026-02-22,-5.7332452013642925e-05
2026-02-23,-0.0002110074425560163
2026-02-24,-0.0001725180688791966
2026-02-25,7.571233102346857e-05
2026-02-26,2.4895305100624755e-05
2026-02-27,-0.00010429504647338198
2026-02-28,-4.72967730901653e-05
2026-03-01,-9.010426688404975e-05
2026-03-02,0.00019722607937979473
2026-03-03,0.00019704040475687306
2026-03-04,0.00019897135462981292
2026-03-05,0.00014837689325141682
2026-03-06,0.00010768049878528284
2026-03-07,1.729757061123202e-05
2026-03-08,1.4600307869983231e-05
2026-03-09,-3.0206686634992853e-05
2026-03-10,0.00012915545211338709
2026-03-11,-0.00021162882022401108
2026-03-12,-3.371868123140566e-05
2026-03-13,0.0002944423659979417
2026-03-14,0.00041110064957068236
2026-03-15,0.0006403087833735225
2026-03-16,0.0005422587719470548
2026-03-17,0.00032975280549265293
2026-03-18,8.88256440629905e-05
2026-03-19,-5.250757824364846e-05
2026-03-20,-3.7499845761235455e-05
2026-03-21,-0.00019616707422562344
2026-03-22,-0.0003971860338812537
2026-03-23,-0.00030096755234870044
2026-03-24,-0.0002532338432696378
2026-03-25,4.454575274303818e-06
2026-03-26,-9.460005500940537e-05
2026-03-27,-0.00033465635423075873
2026-03-28,-0.0002076042185946853
2026-03-29,-0.0001535368629667042
2026-03-30,-0.00031744323810533145
2026-03-31,-0.00017431385018021404
2026-04-01,-0.0002433828878827486
2026-04-02,-0.00015154052426497228
2026-04-03,5.001087035334642e-05
2026-04-04,8.358143262511752e-05
2026-04-05,0.0002583809259052205
2026-04-06,0.00017676060252696035
2026-04-07,0.0002911752334490767
2026-04-08,0.00023337579808982114
2026-04-09,0.0003729519456909615
2026-04-10,0.00043720597658533335
2026-04-11,0.00040238828186379315
2026-04-12,0.0001224957008624961
2026-04-13,0.00037669697157059734
2026-04-14,0.00015725606611040314
2026-04-15,0.000270875045128732
2026-04-16,0.00024286773772038924
2026-04-17,0.0002869435926530282
2026-04-18,0.00018512100690917712
2026-04-19,0.0002196711967229852
2026-04-20,9.766487557180946e-05
2026-04-21,0.00015943153823681807
2026-04-22,0.0002524020090334053
2026-04-23,0.0002417073584327505
2026-04-24,2.5987046443715536e-05
2026-04-25,0.00015104749867813028
2026-04-26,0.00040586257651076594
2026-04-27,0.00013431567702166863
2026-04-28,-1.8217178205027756e-06
2026-04-29,-0.00023552464394582175
2026-04-30,-0.0001909952037721685
2026-05-01,8.245351691152085e-05
2026-05-02,0.00011367606132210478
2026-05-03,-1.1739341391324936e-05
2026-05-04,0.0002744726526122453
2026-05-05,0.0005031241704645089
2026-05-06,0.0006094051633831024
2026-05-07,0.00039954382370123014
2026-05-08,0.00020885183395993138
2026-05-09,0.0002182991867373137
2026-05-10,0.00041424020972656735
2026-05-11,0.00022870705961120245
2026-05-12,4.3108203131265655e-05
